"topic","CS","lbf","pip","coef","name","id","database","accession","sub_category_code","organism","description_brief","top_genes"
"k1","L1","129.146","1.000","0.353","BROWN_MYELOID_CELL_DEVELOPMENT_UP","M1430","MSigDB-C2",NA,"CGP","Mus musculus","Genes defining differentiation potential of the bipotential myeloid cell line FDB.","Siglece (3.781) Fpr1 (3.638) Pstpip2 (3.373) Il1r2 (3.324) Il1b (3.053) Slfn4 (2.961) Mmp8 (2.855) Cd33 (2.729) Id2 (2.728) Klhdc4 (2.716)"
"k1","L2","103.185","1.000","0.301","GSE21360_SECONDARY_VS_QUATERNARY_MEMORY_CD8_TCELL_UP","M7624","MSigDB-C7",NA,"","Mus musculus","Genes up-regulated in memory CD8 T cells: 2' versus 4'.","Il1f9 (4.829) Ikbke (4.389) Fpr1 (3.638) Trem1 (3.612) Cxcl2 (3.406) Dusp16 (3.103) Il1b (3.053) Slc7a11 (2.738) Tarm1 (2.639) Samsn1 (2.638)"
"k1","L3","49.630","1.000","0.215","GSE11057_PBMC_VS_MEM_CD4_TCELL_UP","M3120","MSigDB-C7",NA,"","Homo sapiens","Genes up-regulated in comparison of peripheral mononuclear blood cells (PBMC) versus memory T cells.","Trem1 (3.612) Mxd1 (2.485) Pla2g7 (2.427) Hdc (2.398) Gm14548 (2.386) Slc15a3 (2.379) Fpr2 (2.214) Ptafr (2.178) Crispld2 (2.15) Cd300lf (1.999)"
"k1","L4","49.716","0.999","0.360","LIAN_LIPA_TARGETS_3M","M16088","MSigDB-C2",NA,"CGP","Mus musculus","Genes up-regulated at 3 months of age in lungs from LIPA [GeneID=3988] knockout mice, which display pulmonary pathology.","Cxcl2 (3.406) Il1r2 (3.324) Slfn4 (2.961) Mmp8 (2.855) Pla2g7 (2.427) Slc15a3 (2.379) Lilr4b (1.884) Slc11a1 (1.818) Acod1 (1.75) Pirb (1.747)"
"k1","L5","40.144","1.000","0.228","BLANCO_MELO_COVID19_SARS_COV_2_POS_PATIENT_LUNG_TISSUE_UP","M34028","MSigDB-C2",NA,"CGP","Homo sapiens","Genes strongly up-regulated (log2(FC)>3.58, padj<0.05) in post mortem lung tissue from COVID-19 patients vs uninfected biopsy.","Fpr1 (3.638) Trem1 (3.612) Gpr84 (3.518) Pstpip2 (3.373) Mmp8 (2.855) Gpr141 (2.776) Mxd1 (2.485) Oas3 (2.173) Oas1g (1.954) Spi1 (1.905)"
"k1","L7","34.670","1.000","0.402","WP_MICROGLIA_PATHOGEN_PHAGOCYTOSIS_PATHWAY","M39695","MSigDB-C2",NA,"CP:WIKIPATHWAYS","Homo sapiens","Microglia Pathogen Phagocytosis Pathway","Siglece (3.781) Trem1 (3.612) Pik3r6 (2.45) Ncf4 (2.031) Fcgr1 (1.654) Rac2 (1.598) Fcer1g (1.29) Tyrobp (1.128) Ncf2 (0.906) Cyba (0.867)"
"k1","L8","61.348","0.996","-0.339","REACTOME_EUKARYOTIC_TRANSLATION_ELONGATION","M29556","MSigDB-C2",NA,"CP:REACTOME","Homo sapiens","Eukaryotic Translation Elongation","Rpl39 (-2.102) Rpl36a (-1.979) Rpl23 (-1.87) Rpl13 (-1.857) Rps6 (-1.647) Rps20 (-1.483) Rpl15 (-1.42) Rpl3 (-1.358) Rps3a1 (-1.314) Eef1a1 (-1.167)"
"k1","L9","33.077","0.997","0.181","GSE29618_MONOCYTE_VS_PDC_UP","M4945","MSigDB-C7",NA,"","Homo sapiens","Genes up-regulated in comparison of monocytes versus plasmacytoid dendritic cells (pDC).","Fpr1 (3.638) Trem1 (3.612) Entpd1 (3.229) Nlrp3 (3.157) Cd33 (2.729) Irak3 (2.507) Pla2g7 (2.427) Gm14548 (2.386) Fbxl5 (2.295) Trib1 (2.212)"
"k1","L10","24.561","0.995","0.709","AUJLA_IL22_AND_IL17A_SIGNALING","M6335","MSigDB-C2",NA,"CGP","Homo sapiens","Genes changed in HBE cells (bronchial epithelium) after treatment with IL22 and IL17A [GeneID=50616;3605].","Il1f9 (4.829) Cxcl2 (3.406) Ccl3 (0.884) Cxcl3 (0.004) Duox2 (-0.004) Cxcl5 (-0.004) Cxcl9 (-0.004) Cxcl1 (-0.003) Csf3 (0) Il19 (0)"
"k1","L6","38.127","0.637","0.826","The NLRP3 inflammasome","1367547","BioSystems-reactome","R-MMU-844456",NA,NA,NA,"Mefv (4.086) Nlrp3 (3.157) Pstpip1 (1.488) Txnip (-0.037) Txn1 (0.005) Panx1 (-0.002) P2rx7 (-0.001) Hsp90ab1 (0) Pycard (0) Sugt1 (0)"
"k1","L6","38.127","0.363","0.535","REACTOME_PURINERGIC_SIGNALING_IN_LEISHMANIASIS_INFECTION","M29838","MSigDB-C2",NA,"CP:REACTOME","Homo sapiens","Purinergic signaling in leishmaniasis infection","Mefv (4.086) Entpd1 (3.229) Nlrp3 (3.157) Il1b (3.053) Pstpip1 (1.488) C3 (0.804) C3ar1 (0.716) Txnip (-0.037) App (0.035) Entpd5 (-0.018)"
"k2","L1","407.645","1.000","0.363","HALLMARK_HEME_METABOLISM","M5945","MSigDB-H",NA,"","Homo sapiens","Genes involved in metabolism of heme (a cofactor consisting of iron and porphyrin) and erythroblast differentiation.","Alas2 (6.971) Slc4a1 (5.026) Rhag (4.297) Gypa (4.285) Spta1 (4.009) Bpgm (3.984) Tspo2 (3.936) Trim10 (3.885) Epb42 (3.73) Rhd (3.416)"
"k2","L2","194.630","1.000","0.757","WELCH_GATA1_TARGETS","M1407","MSigDB-C2",NA,"CGP","Mus musculus","Genes up-regulated after GATA1 [GeneID=2623] activation in G1E-ER4 cells (erythroid precursors engineered to express GATA1 upon addition of estradiol [PubChem=5757]).","Alas2 (6.971) Slc4a1 (5.026) Gypa (4.285) Klf1 (2.514) Hmbs (2.511) Abcb10 (2.159) Zfpm1 (2.035) Urod (2) Uros (1.731) Tfrc (1.625)"
"k2","L3","128.554","1.000","0.825","HP_ABNORMAL_ERYTHROCYTE_PHYSIOLOGY","M38219","MSigDB-C5",NA,"HPO","Homo sapiens","Abnormal erythrocyte physiology","Slc4a1 (5.026) Rhag (4.297) Spta1 (4.009) Epb42 (3.73) Sptb (1.74) Epb41 (1.639) Gypc (1.045) Ank1 (0.247) Pklr (-0.023) Kcnn4 (0.004)"
"k2","L4","76.124","1.000","0.400","GO_ERYTHROCYTE_DEVELOPMENT","M16510","MSigDB-C5",NA,"GO:BP","Homo sapiens","The process whose specific outcome is the progression of an erythrocyte over time, from its formation to the mature structure. [GOC:devbiol]","Alas2 (6.971) Slc4a1 (5.026) Rhag (4.297) Bpgm (3.984) Epb42 (3.73) Sox6 (1.273) Tal1 (1.189) Gata1 (-0.816) Trim58 (0.734) Dmtn (0.239)"
"k2","L5","73.625","1.000","0.160","GSE21774_CD56_BRIGHT_VS_DIM_CD62L_POSITIVE_NK_CELL_UP","M7489","MSigDB-C7",NA,"","Homo sapiens","Genes up-regulated in NCAM+ [GeneID=4684] NK cells: SELL bright [GeneID=6402] versus SELL dim [GeneID=6402].","Rhag (4.297) Spta1 (4.009) Bpgm (3.984) Tspo2 (3.936) Rhd (3.416) Hemgn (3.389) Tent5c (3.179) Kel (2.914) Klf1 (2.514) Gfi1b (2.158)"
"k2","L6","66.184","1.000","-0.615","WP_COMPUTATIONAL_MODEL_OF_AEROBIC_GLYCOLYSIS","M39816","MSigDB-C2",NA,"CP:WIKIPATHWAYS","Homo sapiens","Computational Model of Aerobic Glycolysis","Gapdh (-3.086) Ldha (-1.369) Pgk1 (-0.827) Aldoa (-0.771) Eno1 (-0.118) Pkm (-0.067) Slc2a1 (-0.02) Gpi1 (-0.003) Tpi1 (-0.003) Pgam2 (0)"
"k2","L7","91.098","1.000","0.200","GSE34205_RSV_VS_FLU_INF_INFANT_PBMC_UP","M5141","MSigDB-C7",NA,"","Homo sapiens","Genes up-regulated in comparison of peripheral blood mononuclear cells (PBMC) from infancts with acute RSV infection versus PBMCs from infants with acute influenza infection.","Alas2 (6.971) Slc4a1 (5.026) Gypa (4.285) Bpgm (3.984) Trim10 (3.885) Epb42 (3.73) Hemgn (3.389) Tent5c (3.179) Slc25a37 (2.942) Klf1 (2.514)"
"k2","L8","42.196","0.991","0.119","JAATINEN_HEMATOPOIETIC_STEM_CELL_DN","M6905","MSigDB-C2",NA,"CGP","Homo sapiens","Genes down-regulated in CD133+ [GeneID=8842] cells (hematopoietic stem cells, HSC) compared to the CD133- cells.","Alas2 (6.971) Slc4a1 (5.026) Rhag (4.297) Gypa (4.285) Bpgm (3.984) Rhd (3.416) Ctse (3.359) Tent5c (3.179) Slc25a37 (2.942) Klf1 (2.514)"
"k2","L9","132.466","1.000","0.874","GO_PROTOPORPHYRINOGEN_IX_METABOLIC_PROCESS","M29218","MSigDB-C5",NA,"GO:BP","Homo sapiens","The chemical reactions and pathways involving protoporphyrinogen IX, the specific substrate for the enzyme ferrochelatase, which catalyzes the insertion of iron to form protoheme. It is probably also the substrate for chlorophyll formation. [ISBN:0198506732]","Alas2 (6.971) Hmbs (2.511) Fech (2.088) Urod (2) Uros (1.731) Cpox (1.397) Eif2ak1 (1.019) Alad (0.575) Ppox (0.409) Ireb2 (-0.013)"
"k2","L10","88.542","1.000","0.729","HP_STOMATOCYTOSIS","M36538","MSigDB-C5",NA,"HPO","Homo sapiens","Stomatocytosis","Slc4a1 (5.026) Rhag (4.297) Spta1 (4.009) Sptb (1.74) Epb41 (1.639) Gypc (1.045) Gp1ba (0.518) Slc2a1 (-0.02) Erf (-0.008) Abcg8 (-0.003)"
"k3","L1","200.604","1.000","1.346","GO_T_CELL_RECEPTOR_COMPLEX","M17113","MSigDB-C5",NA,"GO:CC","Homo sapiens","A protein complex that contains a disulfide-linked heterodimer of T cell receptor (TCR) chains, which are members of the immunoglobulin superfamily, and mediates antigen recognition, ultimately resulting in T cell activation. The TCR heterodimer is associated with the CD3 complex, which consists of the nonpolymorphic polypeptides gamma, delta, epsilon, zeta, and, in some cases, eta (an RNA splice variant of zeta) or Fc epsilon chains. [GOC:mah, ISBN:0781735149]","Trbc1 (3.737) Trbc2 (3.404) Trat1 (3.389) Cd8a (3.198) Cd8b1 (2.98) Cd3g (2.787) Cd247 (2.755) Cd3e (2.622) Cd4 (2.403) Skap1 (2.226)"
"k3","L2","91.247","1.000","1.358","SHANK_TAL1_TARGETS_DN","M1266","MSigDB-C2",NA,"CGP","Mus musculus","Genes down-regulated in preleukemic thymocytes from transgenic mice which overexpress TAL1 [GeneID=6886] in thymus.","Rag1 (5.911) Rag2 (4.477) Ptcra (2.891) Cd4 (2.403) Cd5 (2.156) Cd6 (2.12) Rorc (0.828) Bcl2 (-0.353) Bcl2l1 (0.001) Id2 (0)"
"k3","L3","92.454","1.000","1.048","SU_THYMUS","M13095","MSigDB-C2",NA,"CGP","Homo sapiens","Genes up-regulated specifically in human thymus.","Pax1 (6.47) Ccr9 (4.817) Sh2d1a (3.701) Itk (1.875) Myb (1.134) Rhoh (1.032) Ets1 (0.846) Nck2 (0.687) Mmp12 (0.359) Cytip (-0.289)"
"k3","L4","66.644","1.000","0.322","LI_INDUCED_T_TO_NATURAL_KILLER_DN","M2088","MSigDB-C2",NA,"CGP","Mus musculus","Genes down-regulated in ITNK cells (T-lymphocyte progenitors (DN3 cells) reprogrammed to natural killer (NK) cells by ablation of BCL11B [GeneID=64919] gene), compared to the parental DN3 cells.","Dntt (4.999) Gm525 (4.703) Sh2d1a (3.701) Tcf7 (3.687) Satb1 (2.995) Endou (2.687) Cd27 (2.574) Sox4 (2.439) Xrcc6 (2.42) Cd3d (2.213)"
"k3","L5","53.659","1.000","0.883","GO_V_D_J_RECOMBINATION","M16738","MSigDB-C5",NA,"GO:BP","Homo sapiens","The process in which immune receptor V, D, and J, or V and J gene segments, depending on the specific receptor, are recombined within a single locus utilizing the conserved heptamer and nonomer recombination signal sequences (RSS). [GOC:add, ISBN:0781700221, ISBN:0781735149]","Rag1 (5.911) Rag2 (4.477) Tcf7 (3.687) Lig4 (2.307) Bcl11b (1.591) Lef1 (1.577) Hmgb2 (-0.761) Hmgb1 (0.688) Dcaf1 (0.243) Xrcc4 (0.144)"
"k3","L6","52.017","1.000","0.241","GSE2405_S_AUREUS_VS_UNTREATED_NEUTROPHIL_DN","M6205","MSigDB-C7",NA,"","Homo sapiens","Genes down-regulated in polymorphonuclear leukocytes (9h): S. aureus infection versus control.","Pax1 (6.47) Chrna9 (6.105) Prss16 (5.277) Spo11 (4.595) Rag2 (4.477) Sh2d1a (3.701) Cd8a (3.198) Glcci1 (2.991) Cd8b1 (2.98) Tdrd5 (2.979)"
"k3","L7","34.404","1.000","0.907","GO_BONE_MINERALIZATION_INVOLVED_IN_BONE_MATURATION","M23368","MSigDB-C5",NA,"GO:BP","Homo sapiens","The deposition of hydroxyapatite, involved in the progression of the skeleton from its formation to its mature state. [GOC:bf, GOC:BHF]","Pth (6.941) Ift80 (1.642) Ltf (0.78) Igf1 (0.382) Bmp2 (-0.002) Grem1 (-0.001) Ano6 (0.001) Rflnb (-0.001) Rflna (0) Lep (0)"
"k3","L8","53.380","1.000","-0.244","GSE15750_DAY6_VS_DAY10_EFF_CD8_TCELL_UP","M3577","MSigDB-C7",NA,"","Mus musculus","Genes up-regulated in comparison of wild type CD8 effector T cells at day 6 versus those at day 10.","Rrm2 (-0.993) Aurka (-0.922) Ska1 (-0.854) Cdk1 (-0.814) Pimreg (0.739) Cdca8 (-0.712) Cdc25c (-0.708) Hmmr (-0.69) Diaph3 (-0.68) Smc2 (-0.665)"
"k3","L9","66.347","1.000","0.269","GSE2405_HEAT_KILLED_LYSATE_VS_LIVE_A_PHAGOCYTOPHILUM_STIM_NEUTROPHIL_9H_UP","M6198","MSigDB-C7",NA,"","Homo sapiens","Genes up-regulated in polymorphonuclear leukocytes (9h): treated by heat killed HC60 cell (promyelocytic leukemia) lysate versus A. phagocytophilum infection.","Rag1 (5.911) Prss16 (5.277) Dntt (4.999) Spo11 (4.595) Rag2 (4.477) Sh2d1a (3.701) Tcf7 (3.687) Tube1 (3.546) Tbata (3.515) Cd8a (3.198)"
"k3","L10","27.351","0.561","0.190","GSE40666_NAIVE_VS_EFFECTOR_CD8_TCELL_UP","M9203","MSigDB-C7",NA,"","Mus musculus","Genes up-regulated in CD8 T cells: naïve versus day 8 after LCMV infection.","Dntt (4.999) Themis (4.245) Satb1 (2.995) Glcci1 (2.991) Endou (2.687) Sox4 (2.439) Arsi (2.263) Lat (1.767) Tox (1.593) Lef1 (1.577)"
"k3","L10","27.351","0.433","0.169","GO_T_CELL_DIFFERENTIATION","M18127","MSigDB-C5",NA,"GO:BP","Homo sapiens","The process in which a precursor cell type acquires characteristics of a more mature T-cell. A T cell is a type of lymphocyte whose definin characteristic is the expression of a T cell receptor complex. [GO_REF:0000022, GOC:jid, GOC:mah]","Pax1 (6.47) Rag1 (5.911) Ccr9 (4.817) Rag2 (4.477) Themis (4.245) Tcf7 (3.687) Cd8a (3.198) Psmb11 (3.005) Satb1 (2.995) Cd3g (2.787)"
"k4","L1","78.894","1.000","1.024","REACTOME_DIGESTION_AND_ABSORPTION","M27837","MSigDB-C2",NA,"CP:REACTOME","Homo sapiens","Digestion and absorption","Lct (6.663) Sis (6.519) Npc1l1 (6.178) Pnliprp2 (4.324) Slc5a1 (2.935) Akp3 (2.877) Mgam (2.757) Clps (2.124) Pnliprp1 (1.971) Guca2a (-1.83)"
"k4","L2","77.360","1.000","1.302","GO_INNATE_IMMUNE_RESPONSE_IN_MUCOSA","M12958","MSigDB-C5",NA,"GO:BP","Homo sapiens","Any process of the innate immune response that takes place in the mucosal tissues. [GOC:add, PMID:10719665, PMID:15971105]","Defa3 (6.99) Defa32 (6.943) Defa17 (6.92) Apoa4 (1.984) Pla2g1b (0.689) Rpl39 (0.375) Camp (-0.011) Rnase2a (-0.011) Defb1 (0.006) Nos2 (0.003)"
"k4","L3","98.895","1.000","1.451","GO_OLIGOSACCHARIDE_BINDING","M26775","MSigDB-C5",NA,"GO:MF","Homo sapiens","Interacting selectively and non-covalently with any oligosaccharide, a molecule with between two and (about) 20 monosaccharide residues connected by glycosidic linkages. [GOC:mah]","Itln1 (6.568) Reg1 (5.327) Reg2 (4.082) Reg3g (2.655) Reg3b (1.53) Lgals1 (0.676) Lgals9 (0.066) Sele (-0.018) Colec11 (-0.017) Lgals12 (0.007)"
"k4","L4","56.872","1.000","0.393","GO_DIGESTION","M10163","MSigDB-C5",NA,"GO:BP","Homo sapiens","The whole of the physical, chemical, and biochemical processes carried out by multicellular organisms to break down ingested nutrients into components that may be easily absorbed and directed into metabolism. [GOC:isa_complete, ISBN:0198506732]","Lct (6.663) Sis (6.519) Gkn1 (6.221) Npc1l1 (6.178) Tff2 (6.011) Tff1 (5.537) Enpp7 (4.511) Slc26a6 (4.371) Pnliprp2 (4.324) Fabp2 (3.739)"
"k4","L5","47.806","1.000","1.027","REACTOME_DEFENSINS","M557","MSigDB-C2",NA,"CP:REACTOME","Homo sapiens","Defensins","Defa3 (6.99) Defa32 (6.943) Defa17 (6.92) Try4 (0.929) Tlr2 (-0.034) Ccr6 (-0.01) Defb1 (0.006) Defb25 (-0.005) Tlr1 (-0.002) Defb42 (-0.002)"
"k4","L6","23.043","1.000","0.297","GO_BRUSH_BORDER","M19093","MSigDB-C5",NA,"GO:CC","Homo sapiens","The dense covering of microvilli on the apical surface of a epithelial cells in tissues such as the intestine, kidney, and choroid plexus; the microvilli aid absorption by increasing the surface area of the cell. [GOC:sl, ISBN:0815316194]","Itln1 (6.568) Sis (6.519) Npc1l1 (6.178) Slc26a6 (4.371) Tmprss15 (4.009) Slc5a1 (2.935) Ace2 (2.762) Slc26a3 (-2.543) Enpep (2.075) Slc27a4 (2.016)"
"k4","L7","24.003","1.000","0.527","LIU_CDX2_TARGETS_UP","M16637","MSigDB-C2",NA,"CGP","Homo sapiens","Genes up-regulated in HET1A cells (esophagus epithelium) engineered to stably express CDX2 [GeneID=1045].","Sis (6.519) Fabp6 (6.492) Anpep (4.253) Fabp2 (3.739) Pgc (3.49) Muc6 (3.012) Muc2 (2.867) Atoh1 (-2.178) Agr2 (-1.845) Vil1 (1.393)"
"k4","L8","19.382","1.000","0.398","GAO_LARGE_INTESTINE_24W_C10_ENTEROCYTE","M39159","MSigDB-C8",NA,"","Homo sapiens","","Sis (6.519) Prap1 (5.642) Anpep (4.253) Mogat2 (2.991) Gsta1 (2.717) Smim24 (2.612) Slc13a1 (1.973) Guca2a (-1.83) Slc15a1 (1.796) Dgat1 (1.775)"
"k4","L9","14.746","0.950","0.731","GO_GLUCOSIDASE_ACTIVITY","M18136","MSigDB-C5",NA,"GO:MF","Homo sapiens","Catalysis of the hydrolysis of glucosyl compounds, substances containing a group derived from a cyclic form of glucose or a glucose derivative. [ISBN:0198506732]","Lct (6.663) Sis (6.519) Mgam (2.757) Gaa (-0.303) Agl (-0.018) Mogs (-0.003) Gba2 (0.001) Ganc (-0.001) Ganab (0.001) Kl (-0.001)"
"k4","L10","17.084","0.997","0.441","Fat digestion and absorption","194386","BioSystems-kegg","mmu04975",NA,NA,NA,"Npc1l1 (6.178) Pnliprp2 (4.324) Fabp2 (3.739) Mogat2 (2.991) Pla2g2a (2.861) Mttp (2.532) Clps (2.124) Slc27a4 (2.016) Apoa4 (1.984) Pnliprp1 (1.971)"
"k5","L1","139.294","1.000","0.478","ZHENG_CORD_BLOOD_C1_PUTATIVE_MEGAKARYOCYTE_PROGENITOR","M39210","MSigDB-C8",NA,"","Homo sapiens","","Gp9 (5.023) Tmem40 (3.517) Tubb1 (3.226) Clec1b (3.218) Itga2b (3.102) Treml1 (3.059) Pf4 (2.971) Ly6g6d (2.967) Ltbp1 (2.871) Gp6 (2.716)"
"k5","L2","136.397","1.000","0.311","HAY_BONE_MARROW_PLATELET","M39206","MSigDB-C8",NA,"","Homo sapiens","","Gp9 (5.023) Myl9 (4.813) Mpig6b (3.618) Tmem40 (3.517) Alox12 (3.291) Sytl4 (3.264) Lancl3 (3.241) Tubb1 (3.226) Clec1b (3.218) Itgb3 (3.148)"
"k5","L3","75.157","1.000","0.911","HP_PROLONGED_BLEEDING_AFTER_SURGERY","M36592","MSigDB-C5",NA,"HPO","Homo sapiens","Prolonged bleeding after surgery","Gp9 (5.023) Itgb3 (3.148) Itga2b (3.102) Vwf (2.633) P2ry12 (1.787) Gp1ba (1.651) F13a1 (1.503) Gp1bb (1.405) F5 (1.284) F10 (0.281)"
"k5","L4","105.861","1.000","0.328","GO_PLATELET_ACTIVATION","M10857","MSigDB-C5",NA,"GO:BP","Homo sapiens","A series of progressive, overlapping events triggered by exposure of the platelets to subendothelial tissue. These events include shape change, adhesiveness, aggregation, and release reactions. When carried through to completion, these events lead to the formation of a stable hemostatic plug. [http://www.graylab.ac.uk/omd/]","Gp9 (5.023) Myl9 (4.813) P2rx1 (4.405) Mpig6b (3.618) Alox12 (3.291) Clec1b (3.218) Itgb3 (3.148) Itga2b (3.102) Treml1 (3.059) Pf4 (2.971)"
"k5","L7","16.283","1.000","0.532","VERRECCHIA_RESPONSE_TO_TGFB1_C3","M5321","MSigDB-C2",NA,"CGP","Homo sapiens","Cluster 3: ECM related genes up-regulated in dermal fibroblasts within 30 min after TGFB1 [GeneID=7040] addition; returned rapidly to basal level after that.","Cd59b (3.784) Zyx (1.81) Mmp19 (1.766) Itgb5 (1.208) Nme2 (-0.368) Lama4 (-0.018) Igfbp5 (-0.016) Igfbp2 (-0.012) Rhoa (-0.002) Rnd3 (-0.002)"
"k5","L8","10.805","0.969","0.129","GSE21670_STAT3_KO_VS_WT_CD4_TCELL_IL6_TREATED_DN","M7469","MSigDB-C7",NA,"","Mus musculus","Genes down-regulated in CD4 [GeneID=920] T cells treated with IL6 [GeneID=3569]: STAT3 [GeneID=6774] knockout versus wildtype.","P2rx1 (4.405) Hacd4 (3.539) Tmem40 (3.517) Alox12 (3.291) Itgb3 (3.148) Itga2b (3.102) Mpl (2.882) Gng11 (2.683) Maged2 (2.474) Mmrn1 (2.413)"
"k5","L6","21.111","0.795","0.242","Hematopoietic cell lineage","83275","BioSystems-kegg","mmu04640",NA,NA,NA,"Gp9 (5.023) Cd59b (3.784) Itgb3 (3.148) Itga2b (3.102) Gp5 (2.65) Itga2 (2.514) Itga6 (2.457) Cd37 (1.844) Gp1ba (1.651) Gp1bb (1.405)"
"k5","L6","21.111","0.205","0.247","KEGG_HEMATOPOIETIC_CELL_LINEAGE","M6856","MSigDB-C2",NA,"CP:KEGG","Homo sapiens","Hematopoietic cell lineage","Gp9 (5.023) Cd59b (3.784) Itgb3 (3.148) Itga2b (3.102) Gp5 (2.65) Itga2 (2.514) Itga6 (2.457) Cd37 (1.844) Gp1ba (1.651) Gp1bb (1.405)"
"k5","L10","21.047","0.867","-0.354","GO_REGULATION_OF_PLATELET_ACTIVATION","M14994","MSigDB-C5",NA,"GO:BP","Homo sapiens","Any process that modulates the rate or frequency of platelet activation. Platelet activation is a series of progressive, overlapping events triggered by exposure of the platelets to subendothelial tissue. [GOC:BHF, GOC:dph, GOC:tb]","Alox12 (3.291) Fcer1g (-1.29) Plek (1.204) Apoe (0.501) Cd9 (-0.364) Prkcq (-0.346) Syk (0.341) Ubash3b (0.323) Sh2b3 (0.28) Selp (0.279)"
"k5","L10","21.047","0.133","-0.227","GO_REGULATION_OF_COAGULATION","M10666","MSigDB-C5",NA,"GO:BP","Homo sapiens","Any process that modulates the frequency, rate or extent of coagulation, the process in which a fluid solution, or part of it, changes into a solid or semisolid mass. [GOC:ai]","Alox12 (3.291) Klkb1 (-1.811) Gp1ba (1.651) Fcer1g (-1.29) Plek (1.204) Hpse (1.075) Anxa2 (0.84) Apoe (0.501) Psen1 (-0.455) Cd9 (-0.364)"
"k5","L5","9.268","0.016","0.251","GNATENKO_PLATELET_SIGNATURE","M15669","MSigDB-C2",NA,"CGP","Homo sapiens","Top 50 most up-regulated genes in human platelet cells.","Itga2b (3.102) Pf4 (2.971) Rgs10 (2.754) Ppbp (2.513) Myl6 (2.452) Clu (1.983) F13a1 (1.503) Oaz1 (1.288) Tln1 (1.217) Tagln2 (0.905)"
"k5","L5","9.268","0.024","0.269","VILIMAS_NOTCH1_TARGETS_DN","M1873","MSigDB-C2",NA,"CGP","Mus musculus","Genes down-regulated in bone marrow progenitors by constitutively active NOTCH1 [GeneID=4851].","Treml1 (3.059) Stom (2.137) Trem2 (2.085) Csf1r (1.151) Lrrc25 (0.991) Matk (0.817) Btk (0.564) Pirb (0.531) Ccl6 (0.486) Ccl9 (0.482)"
"k5","L5","9.268","0.039","0.119","GSE2706_2H_VS_8H_R848_STIM_DC_UP","M4729","MSigDB-C7",NA,"","Homo sapiens","Genes up-regulated in comparison of dendritic cells (DC) stimulated with R848 at 2 h versus DCs stimulatd with R848 for 8 h.","P2rx1 (4.405) Treml1 (3.059) Trem2 (2.085) Slc2a3 (2.003) Atp2a3 (1.855) Cdc42ep2 (1.738) Hexa (1.641) Snrnp25 (1.564) Tbxas1 (1.34) Plek (1.204)"
"k5","L5","9.268","0.156","0.124","GSE21360_TERTIARY_VS_QUATERNARY_MEMORY_CD8_TCELL_UP","M7635","MSigDB-C7",NA,"","Mus musculus","Genes up-regulated in memory CD8 T cells: 3' versus 4'.","Hacd4 (3.539) Mmd (2.981) Rgs10 (2.754) Ecm1 (2.653) Pld4 (2.329) Cd101 (2.191) Dhrs3 (1.989) Hfe (1.682) Vgll4 (1.682) F13a1 (1.503)"
"k5","L5","9.268","0.628","0.129","GSE25677_MPL_VS_R848_STIM_BCELL_DN","M8187","MSigDB-C7",NA,"","Mus musculus","Genes down-regulated in B lymphocytes after immunization with: monophosphoryl lipid A versus imiquimod [PubChem=13982876].","Cc2d2b (3.584) Slamf1 (2.659) Pgap1 (1.996) Add3 (1.77) Ehd4 (1.652) Mapk11 (1.522) Rasgrp2 (1.473) Itgb7 (1.36) Laptm5 (1.267) Aff3 (1.256)"
"k5","L5","9.268","0.010","0.111","GSE43863_DAY6_EFF_VS_DAY150_MEM_LY6C_INT_CXCR5POS_CD4_TCELL_DN","M9733","MSigDB-C7",NA,"","Mus musculus","Genes down-regulated in Ly6c int CXCR5+ CD4 [GeneID=643;920] T cells: effector during acute infection of LCMV versus memory.","Tubb1 (3.226) Itgb3 (3.148) Pld4 (2.329) Siglecg (2.068) Pgap1 (1.996) Rasgrp2 (1.473) Ccdc88c (1.332) Cd79a (1.319) Bank1 (1.272) Laptm5 (1.267)"
"k5","L5","9.268","0.084","0.257","GO_PROTEIN_COMPLEX_INVOLVED_IN_CELL_ADHESION","M17195","MSigDB-C5",NA,"GO:CC","Homo sapiens","Any protein complex that is capable of carrying out some part of the process of cell adhesion to the cell matrix or to another cell. [GOC:dos]","Itgb3 (3.148) Itga2b (3.102) Itga2 (2.514) Itga6 (2.457) Tspan32 (2.444) Itgb7 (1.36) Itgb5 (1.208) Itga4 (1.086) Cd28 (0.783) Itgb1 (-0.174)"
"k5","L9","10.082","0.189","0.529","GO_INSEMINATION","M11707","MSigDB-C5",NA,"GO:BP","Homo sapiens","The introduction of semen or sperm into the genital tract of a female. [ISBN:0582227089]","P2rx1 (4.405) Slc6a4 (2.666) Serpine2 (0.017) Ddo (-0.014) Avpr1a (-0.013) Tac1 (-0.009) Acvr2a (-0.009) Oxtr (-0.007) Klk14 (-0.006) Oxt (-0.004)"
"k5","L9","10.082","0.723","0.482","GO_IMMUNOGLOBULIN_COMPLEX","M17554","MSigDB-C5",NA,"GO:CC","Homo sapiens","A protein complex that in its canonical form is composed of two identical immunoglobulin heavy chains and two identical immunoglobulin light chains, held together by disulfide bonds and sometimes complexed with additional proteins. An immunoglobulin complex may be embedded in the plasma membrane or present in the extracellular space, in mucosal areas or other tissues, or circulating in the blood or lymph. [GOC:add, GOC:jl, ISBN:0781765196]","Cd79b (1.491) Cd79a (1.319) Iglv3 (1.169) Ighm (0.865) Trbc1 (0.657) Trbc2 (0.576) Syk (0.341) Igkc (0.28) Igha (-0.022) Jchain (-0.011)"
"k5","L9","10.082","0.044","0.487","HP_MYELOFIBROSIS","M37978","MSigDB-C5",NA,"HPO","Homo sapiens","Myelofibrosis","Mpig6b (3.618) Mpl (2.882) Tbxas1 (1.34) Sh2b3 (0.28) Calr (-0.059) Gfi1b (-0.009) Nbeal2 (-0.003) Trp53 (0.003) Jak2 (0.002) Tet2 (0)"
"k6","L1","87.702","1.000","0.448","GO_ACUTE_PHASE_RESPONSE","M16862","MSigDB-C5",NA,"GO:BP","Homo sapiens","An acute inflammatory response that involves non-antibody proteins whose concentrations in the plasma increase in response to infection or injury of homeothermic animals. [ISBN:0198506732]","Saa2 (7.585) Saa1 (4.303) Apcs (3.357) Orm1 (2.888) Orm2 (2.323) Lbp (2.158) Serpina1e (2.08) Saa4 (2.08) Itih4 (2.06) Mbl2 (-1.464)"
"k6","L2","111.936","1.000","-0.572","bupropion degradation","143045","BioSystems-biocyc","MOUSE_PWY66-241",NA,NA,NA,"Cyp2c50 (-4.064) Cyp2c37 (-2.853) Cyp2c54 (-2.821) Cyp1a2 (-2.745) Cyp2c40 (2.723) Cyp2c29 (-2.341) Cyp2e1 (-2.271) Cyp2j5 (-2.227) Cyp3a41b (-1.778) Cyp3a41a (-1.776)"
"k6","L3","127.662","1.000","0.871","GO_ENDOCYTIC_VESICLE_LUMEN","M17389","MSigDB-C5",NA,"GO:CC","Homo sapiens","The volume enclosed by the membrane of an endocytic vesicle. [GOC:pde]","Saa2 (7.585) Saa1 (4.303) Hpx (2.569) Apoe (-0.981) Hsp90b1 (0.891) Hp (0.667) Hyou1 (0.262) Apoa1 (-0.127) Calr (-0.091) Mpo (-0.006)"
"k6","L4","55.589","1.000","0.720","BIOCARTA_FIBRINOLYSIS_PATHWAY","M2842","MSigDB-C2",NA,"CP:BIOCARTA","Homo sapiens","Fibrinolysis Pathway","Fga (2.911) Fgb (2.883) Fgg (2.814) Cpb2 (1.374) F2 (-0.435) Serpine1 (0.427) Plg (-0.386) Plat (-0.005) Serpinb2 (-0.005) F13a1 (-0.004)"
"k6","L5","58.418","1.000","0.706","REACTOME_ADVANCED_GLYCOSYLATION_ENDPRODUCT_RECEPTOR_SIGNALING","M975","MSigDB-C2",NA,"CP:REACTOME","Homo sapiens","Advanced glycosylation endproduct receptor signaling","Saa2 (7.585) Saa1 (4.303) Capza2 (-0.02) Hmgb1 (-0.01) App (-0.01) Mapk3 (-0.009) Ager (-0.003) Lgals3 (-0.002) Capza1 (0.002) Mapk1 (-0.001)"
"k6","L6","54.437","1.000","-0.476","GO_CYTOLYSIS","M15834","MSigDB-C5",NA,"GO:BP","Homo sapiens","The rupture of cell membranes and the loss of cytoplasm. [UniProtKB-KW:KW-0204]","Lbp (2.158) C9 (-2.075) Cfhr1 (-1.853) Lyz2 (-1.58) C8g (-1.512) C8a (-1.464) Hrg (-1.368) C8b (-1.339) Hc (-1.272) F2 (-0.435)"
"k6","L8","62.229","0.999","-0.827","REACTOME_CHYLOMICRON_ASSEMBLY","M27838","MSigDB-C2",NA,"CP:REACTOME","Homo sapiens","Chylomicron assembly","Apoa2 (-1.251) Apoa4 (-1.104) Apoe (-0.981) Apoc3 (-0.925) Mttp (-0.576) P4hb (-0.153) Apoa1 (-0.127) Apoc2 (-0.028) Apob (0) Sar1b (0)"
"k6","L9","36.373","1.000","0.608","FUJIWARA_PARK2_HEPATOCYTE_PROLIFERATION_UP","M1338","MSigDB-C2",NA,"CGP","Mus musculus","Genes commonly up-regulated in both non-tumorous and tumorous liver tissues of PARK2 [GeneID=5071] knockout mice.","Sult1e1 (4.53) Apcs (3.357) Apoa4 (-1.104) Cyp4a12b (0.76) Cxcl1 (-0.683) Cyp4a10 (0.043) Cyp4a31 (0.04) Fst (0.008) Nat8 (-0.005) Tfb2m (-0.002)"
"k6","L10","37.378","0.998","0.314","DAUER_STAT3_TARGETS_UP","M12391","MSigDB-C2",NA,"CGP","Homo sapiens","Top 50 genes up-regulated in A549 cells (lung cancer) expressing STAT3 [GeneID=6774] off an adenovirus vector.","Igfbp1 (3.373) Fga (2.911) Fgb (2.883) Fgg (2.814) Lbp (2.158) Abca1 (0.78) C3 (0.672) Socs3 (0.587) Efna1 (0.426) Sod2 (0.411)"
"k6","L7","41.511","0.550","-0.520","REACTOME_GLUCURONIDATION","M17787","MSigDB-C2",NA,"CP:REACTOME","Homo sapiens","Glucuronidation","Ugt2b36 (-2.932) Ugt2b1 (-2.862) Ugt3a2 (-1.899) Ugt2a3 (-0.514) Ugt2b34 (-0.507) Ugt2b38 (-0.306) Ugt2b37 (-0.045) Ugt3a1 (-0.006) Ugt1a6b (0.002) Ugt1a1 (0.002)"
"k6","L7","41.511","0.449","-0.587","REACTOME_HEME_DEGRADATION","M27060","MSigDB-C2",NA,"CP:REACTOME","Homo sapiens","Heme degradation","Slco1b2 (-3.763) Fabp1 (-2.051) Abcc2 (-1.605) Alb (-0.933) Abcc1 (-0.017) Blvrb (0.001) Ugt1a5 (-0.001) Blvra (0.001) Gsta1 (0) Slco2b1 (0)"
"k7","L1","177.226","1.000","0.444","AIZARANI_LIVER_C10_MVECS_1","M39114","MSigDB-C8",NA,"","Homo sapiens","","Calcrl (4.262) Clec14a (4.007) C7 (3.784) Thbd (3.708) Acvrl1 (3.643) Epas1 (3.46) Ptprb (3.394) Cldn5 (3.14) Smad6 (3.009) Adgrf5 (3.001)"
"k7","L2","165.179","1.000","1.904","NAKAMURA_LUNG_CANCER_DIFFERENTIATION_MARKERS","M13656","MSigDB-C2",NA,"CGP","Homo sapiens","14 candidate differentiation markers in lung adenocarcinoma cells, noncancerous lung cells and peripheral blood cells.","Sftpa1 (6.679) Sftpb (6.28) Sftpc (6.064) Scgb1a1 (5.602) Cldn5 (3.14) Higd1b (2.728) Dnaic2 (1.322) Drc3 (1.249) Muc4 (0.714) Rarres2 (0.603)"
"k7","L3","73.114","1.000","0.269","SENGUPTA_NASOPHARYNGEAL_CARCINOMA_DN","M12671","MSigDB-C2",NA,"CGP","Homo sapiens","Genes down-regulated in nsopharyngeal carcinoma relative to the normal tissue.","Scgb1a1 (5.602) Bpifb1 (4.759) Sntn (4.129) Spag17 (3.795) Dynlrb2 (3.539) Dnah5 (3.537) Cfap206 (3.517) Cdhr3 (3.513) Fam81b (3.371) Ttc29 (3.207)"
"k7","L4","98.388","1.000","0.292","FAN_EMBRYONIC_CTX_BIG_GROUPS_BRAIN_ENDOTHELIAL","M39018","MSigDB-C8",NA,"","Homo sapiens","","Clec14a (4.007) Acvrl1 (3.643) Epas1 (3.46) Ptprb (3.394) Cldn5 (3.14) Adgrf5 (3.001) Mcam (2.911) Tmem204 (2.889) Ramp2 (2.866) Higd1b (2.728)"
"k7","L5","36.212","0.990","0.343","CUI_DEVELOPING_HEART_C3_FIBROBLAST_LIKE_CELL","M39300","MSigDB-C8",NA,"","Homo sapiens","","Scn7a (4.345) C7 (3.784) Mfap4 (2.872) Mxra8 (2.649) Gpc3 (2.594) Pdgfra (2.463) Eln (2.407) Mfap2 (2.262) Pcdh18 (2.171) Mgp (2.15)"
"k7","L6","77.390","1.000","0.251","GAO_ESOPHAGUS_25W_C1_CILIATED_EPITHELIAL_CELLS","M39136","MSigDB-C8",NA,"","Homo sapiens","","Bpifb1 (4.759) Sntn (4.129) Spag17 (3.795) BC051019 (3.708) Dnah5 (3.537) Cdhr3 (3.513) Stmnd1 (3.502) Fam81b (3.371) Ldlrad1 (3.128) Hydin (3.038)"
"k7","L7","51.358","1.000","0.605","MCDOWELL_ACUTE_LUNG_INJURY_DN","M1650","MSigDB-C2",NA,"CGP","Mus musculus","Genes down-regulated in the mouse model of acute lung injury induced by inhaling nickel sulfate [PubChem=24586].","Scgb3a2 (6.524) Sftpb (6.28) Sftpc (6.064) Acvrl1 (3.643) Slc9a3r2 (2.631) Icam2 (1.822) Cav1 (1.818) Nrp1 (1.663) Pon1 (1.421) Aplnr (1.392)"
"k7","L8","53.079","1.000","0.627","DURANTE_ADULT_OLFACTORY_NEUROEPITHELIUM_SUSTENTACULAR_CELLS","M39278","MSigDB-C8",NA,"","Homo sapiens","","Sec14l3 (5.791) Aqp5 (5.723) Scgb1a1 (5.602) Scgb3a1 (4.514) Cxcl17 (3.763) Lypd2 (2.973) Muc1 (2.383) Krt19 (-1.632) Wfdc2 (1.594) Hpgd (1.536)"
"k7","L9","76.704","1.000","1.464","GO_CHEMICAL_HOMEOSTASIS_WITHIN_A_TISSUE","M12244","MSigDB-C5",NA,"GO:BP","Homo sapiens","Any process involved in the maintenance of the internal steady state of the amount of a chemical at the level of the tissue. [GOC:isa_complete]","Sftpd (5.263) Epas1 (3.46) Adgrf5 (3.001) Lpcat1 (2.288) Vegfa (1.936) Napsa (1.15) Ctsh (0.7) Homer2 (0.529) Rcn3 (0.059) Abca12 (-0.004)"
"k7","L10","78.876","1.000","1.313","HP_PULMONARY_OPACITY","M38477","MSigDB-C5",NA,"HPO","Homo sapiens","Pulmonary opacity","Sftpa1 (6.679) Sftpb (6.28) Sftpc (6.064) Muc5b (3.911) Bmpr2 (1.8) Atp11a (0.472) Dsp (0.465) Abca3 (0.398) Fam13a (0.271) Tert (-0.009)"
"k8","L1","714.548","1.000","2.186","GO_KERATINIZATION","M15449","MSigDB-C5",NA,"GO:BP","Homo sapiens","The process in which the cytoplasm of the outermost cells of the vertebrate epidermis is replaced by keratin. Keratinization occurs in the stratum corneum, feathers, hair, claws, nails, hooves, and horns. [GOC:dph, GOC:ebc, GOC:sdb_2009, GOC:tb]","Lor (7.517) Krt77 (7.496) Krt15 (7.425) Krt10 (7.404) Klk5 (7.097) Cdsn (7.022) Ivl (6.926) Hrnr (6.901) Krt75 (6.655) Dsg1a (6.6)"
"k8","L2","286.037","1.000","3.043","HUMMERICH_BENIGN_SKIN_TUMOR_DN","M1123","MSigDB-C2",NA,"CGP","Mus musculus","Genes down-regulated in benign skin tumors (papilloma) induced by treatment with DMBA and TPA [PubChem=6001;4792] chemicals in the two stage skin carcinogenesis model.","Myh4 (7.685) Tnni2 (7.576) Atp2a1 (7.49) Tnnc2 (7.158) Tnnt3 (7.082) Myh1 (6.908) Mylpf (6.848) Actn3 (5.61) Myh2 (4.966) Myh8 (3.944)"
"k8","L3","191.346","1.000","0.910","HOLLERN_SQUAMOUS_BREAST_TUMOR","M650","MSigDB-C2",NA,"CGP","Mus musculus","Genes that have high expression in mammary tumors of squamous epithelium histology.","Krt15 (7.425) Krt10 (7.404) Calm4 (7.254) Krtdap (7.221) Cdsn (7.022) Ivl (6.926) Hrnr (6.901) Krt75 (6.655) Cysrt1 (6.571) Klk7 (6.49)"
"k8","L4","135.531","1.000","0.607","JAEGER_METASTASIS_DN","M10702","MSigDB-C2",NA,"CGP","Homo sapiens","Genes down-regulated in metastases from malignant melanoma compared to the primary tumors.","Lgals7 (7.594) Lor (7.517) Col17a1 (7.463) Krt15 (7.425) Krt10 (7.404) Calm4 (7.254) Ivl (6.926) Dsg1a (6.6) Klk7 (6.49) Dsc1 (6.472)"
"k8","L6","78.737","1.000","0.523","GSE19888_CTRL_VS_T_CELL_MEMBRANES_ACT_MAST_CELL_DN","M7334","MSigDB-C7",NA,"","Homo sapiens","Genes down-regulated in HMC-1 (mast leukemia) cells: untreated versus stimulated with T cell membranes.","Lor (7.517) Krt10 (7.404) Klk5 (7.097) Cdsn (7.022) Wfdc5 (6.837) Dsg1a (6.6) Them5 (6.292) Tmprss11f (6.113) Dmkn (5.651) Gjb4 (5.651)"
"k8","L7","38.937","1.000","-0.616","Keratinization","1457932","BioSystems-reactome","R-MMU-6805567",NA,NA,NA,"Krt77 (7.496) Krt15 (7.425) Krt10 (7.404) Klk5 (7.097) Ivl (6.926) Krt75 (6.655) Dsg1a (6.6) Dsc1 (6.472) Krt1 (6.044) Krt78 (6.022)"
"k8","L8","75.175","1.000","0.538","BLANCO_MELO_BETA_INTERFERON_TREATED_BRONCHIAL_EPITHELIAL_CELLS_DN","M34023","MSigDB-C2",NA,"CGP","Homo sapiens","Genes down-regulated on treatment of normal human bronchial epithelial cells with beta interferon (hIFNB treatment 100u/ml, 4-12hrs).","Calm4 (7.254) Ivl (6.926) Sbsn (6.92) Cysrt1 (6.571) Klk7 (6.49) Crct1 (6.473) Lypd3 (6.259) Cnfn (6.198) Krt78 (6.022) Spink5 (5.603)"
"k8","L9","82.603","1.000","1.197","GO_MUSCLE_FILAMENT_SLIDING","M22947","MSigDB-C5",NA,"GO:BP","Homo sapiens","The sliding of actin thin filaments and myosin thick filaments past each other in muscle contraction. This involves a process of interaction of myosin located on a thick filament with actin located on a thin filament. During this process ATP is split and forces are generated. [GOC:mah, GOC:mtg_muscle, ISBN:0815316194]","Myh4 (7.685) Tnni2 (7.576) Tnnc2 (7.158) Tnnt3 (7.082) Actn3 (5.61) Acta1 (5.145) Myl1 (5.064) Mylk2 (5.057) Myh2 (4.966) Mybpc1 (4.697)"
"k8","L10","71.309","1.000","0.732","RICKMAN_HEAD_AND_NECK_CANCER_C","M16130","MSigDB-C2",NA,"CGP","Homo sapiens","Cluster c: genes identifying an intrinsic group in head and neck squamous cell carcinoma (HNSCC).","Serpinb7 (7.223) Krtdap (7.221) Klk5 (7.097) Cdsn (7.022) Wfdc5 (6.837) Krt75 (6.655) Prr9 (6.636) Dsg1a (6.6) Klk7 (6.49) Crct1 (6.473)"
"k8","L5","77.289","0.863","1.813","HP_HYPERGRANULOSIS","M38242","MSigDB-C5",NA,"HPO","Homo sapiens","Hypergranulosis","Lor (7.517) Serpinb7 (7.223) Dsg1a (6.6) Cers3 (4.805) Lipn (4.343) Alox12b (4.237) Aloxe3 (3.074) Sdr9c7 (2.931) Wnt10a (2.448) Pnpla1 (1.798)"
"k8","L5","77.289","0.137","2.263","HP_ORTHOKERATOSIS","M38594","MSigDB-C5",NA,"HPO","Homo sapiens","Orthokeratosis","Flg2 (7.61) Lor (7.517) Dsg1a (6.6) Csta1 (5.075) Lipn (4.343) Cldn1 (2.941) Wnt10a (2.448) Card14 (0.787) Aagab (0.005) Kdf1 (0.004)"
"k9","L1","204.621","1.000","0.553","HALLMARK_INTERFERON_GAMMA_RESPONSE","M5913","MSigDB-H",NA,"","Homo sapiens","Genes up-regulated in response to IFNG [GeneID=3458].","Cxcl10 (7.753) Cxcl11 (6.32) Il6 (5.306) Mx2 (4.997) Gbp3 (4.822) Socs3 (4.139) Isg15 (3.95) Irf1 (3.916) Rtp4 (3.631) Ifih1 (3.565)"
"k9","L2","116.248","1.000","0.419","GSE9316_IL6_KO_VS_IFNG_KO_INVIVO_EXPANDED_CD4_TCELL_DN","M6892","MSigDB-C7",NA,"","Mus musculus","Genes down-regulated in CD4 [GeneID=920] T cells with in vivo expansion: IL6 [GeneID=3569] versus IFNG [GeneID=3458].","Cxcl10 (7.753) Cxcl11 (6.32) Mx2 (4.997) Socs3 (4.139) Csf3 (4.108) Mmp13 (4.01) Irf1 (3.916) Rtp4 (3.631) Zbp1 (3.557) Timp1 (3.51)"
"k9","L3","178.631","1.000","0.519","GSE38681_WT_VS_LYL1_KO_LYMPHOID_PRIMED_MULTIPOTENT_PROGENITOR_DN","M9020","MSigDB-C7",NA,"","Mus musculus","Genes down-regulated in lymphoid primed multipotent progenitors: wildtype versus LYL1 [GeneID=4066] knockout.","Cxcl10 (7.753) Mx2 (4.997) Gbp3 (4.822) Irgm1 (4.452) Socs3 (4.139) Ifit1 (4.052) Isg15 (3.95) Irf1 (3.916) Parp9 (3.673) Rtp4 (3.631)"
"k9","L4","122.240","1.000","0.425","HALLMARK_TNFA_SIGNALING_VIA_NFKB","M5890","MSigDB-H",NA,"","Homo sapiens","Genes regulated by NF-kB in response to TNF [GeneID=7124].","Cxcl10 (7.753) Cxcl11 (6.32) Il6 (5.306) Socs3 (4.139) Irf1 (3.916) Ifih1 (3.565) Ptx3 (3.105) Cxcl3 (3.022) Map3k8 (2.99) Lif (2.896)"
"k9","L5","120.012","1.000","-0.640","WP_ELECTRON_TRANSPORT_CHAIN_OXPHOS_SYSTEM_IN_MITOCHONDRIA","M39417","MSigDB-C2",NA,"CP:WIKIPATHWAYS","Homo sapiens","Electron Transport Chain (OXPHOS system in mitochondria)","Cox7a2l (-5.423) Ndufb10 (-4.552) Ndufv3 (-2.977) Atp5j2 (-2.826) Atpif1 (-2.201) Uqcrh (-2.048) Ndufc1 (-1.909) Cox6b1 (-1.892) Ndufb4 (-1.674) Cox7a2 (-1.658)"
"k9","L6","79.842","0.993","0.445","ALTEMEIER_RESPONSE_TO_LPS_WITH_MECHANICAL_VENTILATION","M2568","MSigDB-C2",NA,"CGP","Mus musculus","Genes up-regulated in lung tissue upon LPS aspiration with mechanical ventilation (MV) compared to control (PBS aspiration without MV).","Cxcl10 (7.753) Il6 (5.306) Gbp3 (4.822) Irgm1 (4.452) Socs3 (4.139) Isg15 (3.95) Ifih1 (3.565) Timp1 (3.51) Usp18 (3.261) Irf7 (3.16)"
"k9","L7","133.095","1.000","0.447","GSE33424_CD161_INT_VS_NEG_CD8_TCELL_UP","M8554","MSigDB-C7",NA,"","Homo sapiens","Genes up-regulated in CD8 T cells: KLRB1 int [GeneID=3820] versus KLRB1- [GeneID=3820].","Cxcl10 (7.753) Mx2 (4.997) Gbp3 (4.822) Irgm1 (4.452) Ifit1 (4.052) Isg15 (3.95) Irf1 (3.916) Parp9 (3.673) Rtp4 (3.631) Ifih1 (3.565)"
"k9","L8","92.071","1.000","0.416","GSE35825_UNTREATED_VS_IFNA_STIM_MACROPHAGE_DN","M8661","MSigDB-C7",NA,"","Mus musculus","Genes down-regulated in bone marrow-derived macrophages: untreated versus stimulated by interferon alpha.","Cxcl11 (6.32) Il6 (5.306) Gbp3 (4.822) Irgm1 (4.452) Isg15 (3.95) Irf1 (3.916) Ifi205 (3.764) Timp1 (3.51) Znfx1 (3.425) Parp12 (3.276)"
"k9","L9","111.732","1.000","0.415","GSE19888_ADENOSINE_A3R_INH_VS_TCELL_MEMBRANES_ACT_MAST_CELL_UP","M7324","MSigDB-C7",NA,"","Homo sapiens","Genes up-regulated in HMC-1 (mast leukemia) cells: incubated with the peptide ALL1 versus stimulated with T cell membranes.","Cxcl10 (7.753) Cxcl11 (6.32) Mx2 (4.997) Gbp3 (4.822) Irgm1 (4.452) Ifit1 (4.052) Isg15 (3.95) Irf1 (3.916) Parp9 (3.673) Rtp4 (3.631)"
"k9","L10","83.446","1.000","0.363","GSE19198_CTRL_VS_IL21_TREATED_TCELL_24H_UP","M7233","MSigDB-C7",NA,"","Mus musculus","Genes up-regulated in T cells: control (0h) versus IL21 [GeneID=59067] for 24h.","Cxcl11 (6.32) Il6 (5.306) Gbp3 (4.822) Csf3 (4.108) Mmp13 (4.01) Timp1 (3.51) Ifi44 (3.494) Mmp3 (3.032) Batf2 (2.916) Zc3h12a (2.865)"
"k10","L1","218.966","1.000","0.962","MANNO_MIDBRAIN_NEUROTYPES_HOMTN","M39073","MSigDB-C8",NA,"","Homo sapiens"," Cell types are named using anatomical and functional mnemonics prefixed by �m� or �h� to indicate mouse and human respectively: OMTN, oculomotor and trochlear nucleus; Sert, serotonergic; NbM, medial neuroblast; NbDA, neuroblast dopaminergic; DA0-2, dopaminergic neurons; RN, red nucleus; Gaba1-2, GABAergic neurons; mNbL1-2, lateral neuroblasts; NbML1-5, mediolateral neuroblasts; NProg, neuronal progenitor; Prog, progenitor medial floorplate (FPM), lateral floorplate (FPL), midline (M), basal plate (BP); Rgl1-3, radial glia-like cells; Mgl, microglia; Endo, endothelial cells; Peric, pericytes; Epend, ependymal; OPC, oligodendrocyte precursor cells.","Sncb (7.024) Ttc9b (6.824) Syp (6.794) Atp2b2 (6.655) Nefl (6.622) Elavl3 (6.544) Cend1 (6.444) Ina (6.427) Cacng2 (6.358) Stmn4 (6.179)"
"k10","L2","248.443","1.000","1.011","GO_SYNAPTIC_MEMBRANE","M17824","MSigDB-C5",NA,"GO:CC","Homo sapiens","A specialized area of membrane on either the presynaptic or the postsynaptic side of a synapse, the junction between a nerve fiber of one neuron and another neuron or muscle fiber or glial cell. [GOC:BHF, PMID:20410104]","Syp (6.794) Atp2b2 (6.655) Cacng2 (6.358) Gabra4 (6.271) Gabra1 (6.271) Cacng3 (6.231) Nrxn1 (6.144) Gabrg2 (6.105) Gria2 (6.088) Kcnj9 (6.076)"
"k10","L3","267.996","1.000","1.019","MIKKELSEN_MCV6_HCP_WITH_H3K27ME3","M1954","MSigDB-C2",NA,"CGP","Mus musculus","Genes with high-CpG-density promoters (HCP) bearing the tri-methylation mark at H3K27 (H3K27me3) in MCV6 cells (embryonic fibroblasts trapped in a differentiated state).","Ttc9b (6.824) Atp2b2 (6.655) Rbfox3 (6.652) Slc32a1 (6.549) Lamp5 (6.301) Adgrb1 (6.29) Gabra4 (6.271) Bcan (6.112) Gria2 (6.088) Gabra5 (6.012)"
"k10","L4","123.563","1.000","1.741","LEIN_NEURON_MARKERS","M1712","MSigDB-C2",NA,"CGP","Mus musculus","Genes enriched in neurons in the adult mouse brain identified through correlation-based searches seeded with neuron cell-type specific gene expression patterns.","Syp (6.794) Nefl (6.622) Atp6v1g2 (6.188) Gria2 (6.088) Rtn1 (5.95) Syt1 (5.883) Snap25 (5.862) Unc80 (5.838) Grin2b (5.723) Cplx1 (5.701)"
"k10","L5","139.678","1.000","0.803","MANNO_MIDBRAIN_NEUROTYPES_HOPC","M39052","MSigDB-C8",NA,"","Homo sapiens"," Cell types are named using anatomical and functional mnemonics prefixed by �m� or �h� to indicate mouse and human respectively: OMTN, oculomotor and trochlear nucleus; Sert, serotonergic; NbM, medial neuroblast; NbDA, neuroblast dopaminergic; DA0-2, dopaminergic neurons; RN, red nucleus; Gaba1-2, GABAergic neurons; mNbL1-2, lateral neuroblasts; NbML1-5, mediolateral neuroblasts; NProg, neuronal progenitor; Prog, progenitor medial floorplate (FPM), lateral floorplate (FPL), midline (M), basal plate (BP); Rgl1-3, radial glia-like cells; Mgl, microglia; Endo, endothelial cells; Peric, pericytes; Epend, ependymal; OPC, oligodendrocyte precursor cells.","Cend1 (6.444) Cacng2 (6.358) Ntm (6.299) Adgrb1 (6.29) Nrxn1 (6.144) Phactr3 (6.138) Bcan (6.112) Vxn (6.012) Olig2 (6.002) Grm5 (5.997)"
"k10","L6","118.707","1.000","0.839","GAO_LARGE_INTESTINE_ADULT_CA_ENTEROENDOCRINE_CELLS","M39161","MSigDB-C8",NA,"","Homo sapiens","","Syp (6.794) Nefl (6.622) Fbxl16 (6.115) Soga3 (6.106) Spock1 (6.096) Syn1 (5.959) Tceal6 (5.954) Rtn1 (5.95) Syt1 (5.883) Snap25 (5.862)"
"k10","L7","90.631","1.000","1.322","LEE_TARGETS_OF_PTCH1_AND_SUFU_DN","M16478","MSigDB-C2",NA,"CGP","Mus musculus","Genes down-regulated in medulloblastoma tumors from animals with  inactivating mutations of one copy of PTCH1 or SUFU [GeneID=5727;51684] in conjunction with TP53 [GeneID=7157] loss.","Atp2b2 (6.655) Slc32a1 (6.549) Cend1 (6.444) Nrsn1 (6.343) Ntm (6.299) Kif5a (5.983) Vsnl1 (5.934) Syt1 (5.883) Cbln1 (5.853) Grm3 (5.821)"
"k10","L8","190.884","1.000","0.972","MANNO_MIDBRAIN_NEUROTYPES_HRN","M39065","MSigDB-C8",NA,"","Homo sapiens"," Cell types are named using anatomical and functional mnemonics prefixed by �m� or �h� to indicate mouse and human respectively: OMTN, oculomotor and trochlear nucleus; Sert, serotonergic; NbM, medial neuroblast; NbDA, neuroblast dopaminergic; DA0-2, dopaminergic neurons; RN, red nucleus; Gaba1-2, GABAergic neurons; mNbL1-2, lateral neuroblasts; NbML1-5, mediolateral neuroblasts; NProg, neuronal progenitor; Prog, progenitor medial floorplate (FPM), lateral floorplate (FPL), midline (M), basal plate (BP); Rgl1-3, radial glia-like cells; Mgl, microglia; Endo, endothelial cells; Peric, pericytes; Epend, ependymal; OPC, oligodendrocyte precursor cells.","Syp (6.794) Elavl3 (6.544) Ina (6.427) Cacng2 (6.358) Nrsn1 (6.343) Rnf112 (6.304) Stmn4 (6.179) Jph4 (6.166) Nrxn1 (6.144) Phactr3 (6.138)"
"k10","L10","131.389","1.000","0.737","REACTOME_NEURONAL_SYSTEM","M735","MSigDB-C2",NA,"CP:REACTOME","Homo sapiens","Neuronal System","Nefl (6.622) Slc32a1 (6.549) Cacng2 (6.358) Gabra4 (6.271) Gabra1 (6.271) Dlgap3 (6.27) Cacng3 (6.231) Nrxn1 (6.144) Gabrg2 (6.105) Gria2 (6.088)"
"k10","L9","60.116","0.395","1.002","GO_SYNAPTIC_VESICLE_MEMBRANE","M25714","MSigDB-C5",NA,"GO:CC","Homo sapiens","The lipid bilayer surrounding a synaptic vesicle. [GOC:mah]","Syp (6.794) Slc32a1 (6.549) Lamp5 (6.301) Atp6v1g2 (6.188) Slc17a7 (6.073) Syn1 (5.959) Syt1 (5.883) Sv2b (5.821) Slc30a3 (5.777) Prrt2 (5.632)"
"k10","L9","60.116","0.562","0.830","GO_PERIKARYON","M17691","MSigDB-C5",NA,"GO:CC","Homo sapiens","The portion of the cell soma (neuronal cell body) that excludes the nucleus. [GOC:jl]","Rbfox3 (6.652) Rnf112 (6.304) Kif5a (5.983) Rgs8 (5.821) Cplx1 (5.701) Hpca (5.608) Astn1 (5.282) Cpne6 (5.276) Pcsk2 (5.139) Cplx2 (5.033)"
"k11","L1","325.763","1.000","0.517","REACTOME_EUKARYOTIC_TRANSLATION_ELONGATION","M29556","MSigDB-C2",NA,"CP:REACTOME","Homo sapiens","Eukaryotic Translation Elongation","Rps27 (1.136) Rps24 (0.967) Rpl12 (0.945) Rpl38 (0.898) Rps20 (0.893) Rpl36a (0.869) Rps19 (0.867) Rps18 (0.819) Rps15a (0.815) Rps8 (0.812)"
"k11","L2","50.146","1.000","0.155","GSE16266_LPS_VS_HEATSHOCK_AND_LPS_STIM_MEF_UP","M7210","MSigDB-C7",NA,"","Mus musculus","Genes up-regulated in mouse embryonic fibroblasts (MEF): LPS versus LPS and heat shock.","Cd209b (4.473) Cd72 (2.484) Ccr6 (2.459) Ly86 (1.972) Cxcr3 (1.922) Spib (1.792) Cd8b1 (1.779) Igkc (1.779) Cd8a (1.74) Cr2 (1.722)"
"k11","L3","101.946","1.000","0.617","GO_T_CELL_RECEPTOR_COMPLEX","M17113","MSigDB-C5",NA,"GO:CC","Homo sapiens","A protein complex that contains a disulfide-linked heterodimer of T cell receptor (TCR) chains, which are members of the immunoglobulin superfamily, and mediates antigen recognition, ultimately resulting in T cell activation. The TCR heterodimer is associated with the CD3 complex, which consists of the nonpolymorphic polypeptides gamma, delta, epsilon, zeta, and, in some cases, eta (an RNA splice variant of zeta) or Fc epsilon chains. [GOC:mah, ISBN:0781735149]","Cd3g (2.167) Cd8b1 (1.779) Cd8a (1.74) Cd4 (1.681) Cd247 (1.502) Trbc2 (1.465) Cd6 (1.084) Cd3d (0.893) Zap70 (0.842) Skap1 (0.671)"
"k11","L4","43.710","1.000","0.142","GSE3039_ALPHAALPHA_VS_ALPHABETA_CD8_TCELL_DN","M6475","MSigDB-C7",NA,"","Mus musculus","Genes down-regulated in T cells: CD8A [GeneID=925] versus CD8A CD8B [GeneID=925;926].","Mzb1 (3.04) Coch (2.94) Irf4 (2.776) Prg3 (2.708) Pla2g2d (2.466) Ighm (2.267) Cd3g (2.167) Cd5 (-2.136) Spib (1.792) Cr2 (1.722)"
"k11","L5","293.177","1.000","0.794","Antigen activates B Cell Receptor (BCR) leading to generation of second messengers","1367486","BioSystems-reactome","R-MMU-983695",NA,NA,NA,"Iglc2 (3.537) Ighm (2.267) Iglc3 (2.023) Igkc (1.779) Iglv1 (1.713) Blk (1.69) Ighd (1.605) Blnk (1.064) Cd79b (-0.85) Cd79a (-0.672)"
"k11","L6","40.410","1.000","0.605","GO_VIRION_BINDING","M26686","MSigDB-C5",NA,"GO:MF","Homo sapiens","Interacting selectively and non-covalently with a virion, either by binding to components of the capsid or the viral envelope. [GOC:ai]","Cd209b (4.473) Siglec1 (1.751) Ppia (0.135) Ptx3 (-0.013) Nectin1 (0.009) Apcs (-0.006) Anxa2 (0.002) Tsg101 (-0.002) Anxa9 (-0.001) Hipk2 (0)"
"k11","L7","42.321","1.000","0.218","FAN_EMBRYONIC_CTX_BRAIN_B_CELL","M39045","MSigDB-C8",NA,"","Homo sapiens","","Mzb1 (3.04) Cd72 (2.484) Fcrla (2.021) Spib (1.792) Gpr18 (1.538) Cd37 (-1.435) Swap70 (1.423) Birc3 (1.399) Ebf1 (1.174) Isg20 (0.965)"
"k11","L8","29.054","0.956","0.509","WUNDER_INFLAMMATORY_RESPONSE_AND_CHOLESTEROL_DN","M1888","MSigDB-C2",NA,"CGP","Mus musculus","Genes down-regulated in gastric mucosal tissue of mice on 2% cholesterol [PubChem=5997] diet and infected with H. pylori vs those infected with H. pylori while on 0% cholesterol diet.","Serpina1e (2.967) Cxcl9 (2.557) Jchain (0.445) Alb (-0.038) Acta1 (-0.015) Cyp2e1 (0.006) Cdkn1c (-0.006) Adipoq (0.004) Serpina1a (-0.003) Mpeg1 (0.002)"
"k11","L9","28.569","0.999","0.123","GSE23568_ID3_KO_VS_WT_CD8_TCELL_DN","M8518","MSigDB-C7",NA,"","Mus musculus","Genes down-regulated in CD8 T cells: ID3 [GeneID=3399] knockout versus wildtype.","Irf4 (2.776) Cd72 (2.484) Ccr6 (2.459) Ighm (2.267) Fcrla (2.021) Ly86 (1.972) Spib (1.792) Cr2 (1.722) Blk (1.69) Cd40 (1.687)"
"k11","L10","173.014","1.000","-0.648","REACTOME_ANTIGEN_ACTIVATES_B_CELL_RECEPTOR_BCR_LEADING_TO_GENERATION_OF_SECOND_MESSENGERS","M601","MSigDB-C2",NA,"CP:REACTOME","Homo sapiens","Antigen activates B Cell Receptor (BCR) leading to generation of second messengers","Ighm (2.267) Blk (1.69) Blnk (1.064) Cd79b (-0.85) Cd79a (-0.672) Ptpn6 (0.626) Pik3cd (0.544) Cd22 (0.411) Syk (-0.409) Grb2 (0.395)"
"k12","L1","144.969","1.000","0.792","GAO_LARGE_INTESTINE_24W_C8_GOBLET_CELL","M39158","MSigDB-C8",NA,"","Homo sapiens","","B3gnt6 (5.321) Tspan1 (4.222) Ceacam2 (3.007) Ceacam1 (2.493) Atp2c2 (2.409) Ern2 (2.029) Fer1l6 (1.989) Spdef (1.897) Rasef (1.598) Mlph (1.326)"
"k12","L2","40.364","1.000","0.396","GO_O_GLYCAN_PROCESSING","M15987","MSigDB-C5",NA,"GO:BP","Homo sapiens","The stepwise addition of carbohydrate or carbohydrate derivative residues to the initially added O-linked residue (usually GalNAc) to form a core O-glycan structure. [GOC:mah, GOC:pr, PMID:10580130]","B3gnt6 (5.321) B3gnt7 (4.17) Muc2 (3.43) Gcnt3 (1.891) Galnt5 (1.797) St3gal4 (1.59) A4gnt (1.528) Chst4 (1.431) Galnt7 (1.353) Galnt4 (1.344)"
"k12","L3","76.557","0.998","1.132","GO_PROSTATE_GLANDULAR_ACINUS_DEVELOPMENT","M16057","MSigDB-C5",NA,"GO:BP","Homo sapiens","The progression of a glandular acinus of the prostate gland over time, from its initial formation to the mature structure. The glandular acini are the saclike structures of the gland. [GOC:dph, PMID:18977204]","Hoxb13 (6.457) Hoxd13 (5.443) Foxa1 (0.686) Fgfr2 (0.34) Sfrp1 (0.003) Trp63 (-0.003) Esr1 (-0.003) Rxra (-0.001) Frs2 (0) Wdr77 (0)"
"k12","L4","41.494","1.000","0.651","WENG_POR_TARGETS_GLOBAL_UP","M1611","MSigDB-C2",NA,"CGP","Mus musculus","Genes up-regulated in liver from transgenic mice with reduced expression of POR [GeneID=5447] in all tissues.","Cyp2c55 (5.777) Ethe1 (2.96) Aqp8 (1.794) Gsta3 (1.053) Gsta1 (0.776) Ces2e (0.674) Fdps (0.514) Idi1 (0.477) Cyp51 (0.423) Ces2c (0.374)"
"k12","L5","21.532","0.997","0.527","GAO_LARGE_INTESTINE_ADULT_CF_GOBLET_CELL_SUBTYPE_1","M39163","MSigDB-C8",NA,"","Homo sapiens","","B3gnt6 (5.321) Tpsg1 (2.294) Fer1l6 (1.989) Ffar4 (1.837) Lrrc26 (1.42) Fam174b (-0.858) Capn9 (0.663) Rasd2 (0.467) Myrip (0.148) Gm12248 (-0.024)"
"k12","L6","22.940","0.999","0.469","KEGG_LINOLEIC_ACID_METABOLISM","M2920","MSigDB-C2",NA,"CP:KEGG","Homo sapiens","Linoleic acid metabolism","Cyp2c55 (5.777) Pla2g10 (4.521) Cyp2c66 (-2.44) Akr1b8 (1.911) Pla2g12b (1.91) Pla2g2a (1.09) Pla2g2f (0.736) Pla2g4a (0.683) Cyp3a13 (-0.68) Cyp2c65 (0.568)"
"k12","L7","47.519","1.000","0.656","GO_CATALYTIC_ACTIVITY_ACTING_ON_A_GLYCOPROTEIN","M26856","MSigDB-C5",NA,"GO:MF","Homo sapiens","Catalysis of a biochemical reaction at physiological temperatures in which one of the substrates is a glycoprotein. [GOC:molecular_function_refactoring, GOC:pdt]","B3gnt6 (5.321) Abo (4.185) Mgat4c (2.935) Gcnt3 (1.891) Mgat4b (1.277) C1galt1c1 (1.036) B3gnt3 (0.843) C1galt1 (0.831) Fut8 (0.615) Mgat3 (0.313)"
"k12","L8","22.468","1.000","0.140","SABATES_COLORECTAL_ADENOMA_DN","M14791","MSigDB-C2",NA,"CGP","Homo sapiens","Genes down-regulated in colorectal adenoma compared to normal mucosa samples.","Car1 (4.374) B3galt5 (3.536) Pyy (3.398) Tmem171 (2.781) Insl5 (2.78) Ceacam1 (2.493) Cnn1 (2.482) Cd177 (-2.282) Ppy (2.231) Ms4a8a (2.181)"
"k12","L10","38.963","1.000","0.689","REACTOME_BLOOD_GROUP_SYSTEMS_BIOSYNTHESIS","M27917","MSigDB-C2",NA,"CP:REACTOME","Homo sapiens","Blood group systems biosynthesis","B3galt5 (3.536) St6galnac6 (2.461) Fut2 (2.074) St3gal4 (1.59) Fut4 (0.985) Fut9 (0.96) St3gal6 (0.729) St3gal3 (0.486) B4galnt2 (0.379) Fut7 (-0.006)"
"k12","L9","23.434","0.156","0.144","WAMUNYOKOLI_OVARIAN_CANCER_LMP_UP","M19982","MSigDB-C2",NA,"CGP","Homo sapiens","Genes up-regulated in mucinous ovarian carcinoma tumors of low malignant potential (LMP) compared to normal ovarian surface epithelium tissue.","Fut2 (2.074) Nans (1.982) Gfpt1 (1.88) Agr2 (1.845) Bace2 (1.779) Ehf (1.74) Rasef (1.598) Mansc1 (1.529) Bspry (1.473) BC016579 (1.421)"
"k12","L9","23.434","0.830","0.174","AIZARANI_LIVER_C24_EPCAM_POS_BILE_DUCT_CELLS_3","M39125","MSigDB-C8",NA,"","Homo sapiens","","Tm4sf4 (2.494) Ceacam1 (2.493) Anxa13 (2.035) Akr1b8 (1.911) Gcnt3 (1.891) Agr2 (1.845) Bace2 (1.779) Golm1 (1.731) S100a14 (1.598) Sdcbp2 (1.445)"
"k13","L1","272.045","1.000","0.820","HAY_BONE_MARROW_CD34_POS_GRAN","M39181","MSigDB-C8",NA,"","Homo sapiens","","Elane (6.305) Ctsg (6.215) Prtn3 (5.902) Mpo (5.159) Prss57 (2.142) Ceacam1 (0.738) P4hb (0.175) Calr (0.091) Tmem258 (-0.027) Mif (0.025)"
"k13","L2","124.804","1.000","0.207","GSE14415_INDUCED_VS_NATURAL_TREG_DN","M2969","MSigDB-C7",NA,"","Mus musculus","Genes down-regulated in T reg: induced versus natural.","Ms4a3 (6.033) Mpo (5.159) Clec12a (3.134) Mmp8 (2.286) Hmgn2 (1.706) Asf1b (1.391) Fpr1 (1.376) Cdc45 (1.266) Kpna2 (1.139) Depdc1b (1.111)"
"k13","L3","172.555","1.000","0.561","WANG_IMMORTALIZED_BY_HOXA9_AND_MEIS1_UP","M1450","MSigDB-C2",NA,"CGP","Mus musculus","Up-regulated genes in myeloid progenitors immortalized by HOXA9 [GeneID=3205] vs those immortalized by HOXA9 and MEIS1 [GeneID=4211].","Elane (6.305) Ms4a3 (6.033) Prtn3 (5.902) Mpo (5.159) Cd177 (-2.137) Tfec (1.699) Ccnb1 (1.024) Igsf6 (0.633) Hsd11b1 (-0.529) Gda (0.348)"
"k13","L4","98.825","1.000","0.310","HADDAD_T_LYMPHOCYTE_AND_NK_PROGENITOR_DN","M999","MSigDB-C2",NA,"CGP","Homo sapiens","Genes down-regulated in hematopoietic progenitor cells (HPC) of T lymphocyte and NK (natural killer) lineage.","Elane (6.305) Ctsg (6.215) Ms4a3 (6.033) Prtn3 (5.902) Mpo (5.159) F13a1 (-1.502) Cst7 (1.462) Tspoap1 (0.882) Itgb7 (-0.724) Kif15 (0.693)"
"k13","L5","97.008","1.000","0.469","GO_DEFENSE_RESPONSE_TO_FUNGUS","M16270","MSigDB-C5",NA,"GO:BP","Homo sapiens","Reactions triggered in response to the presence of a fungus that act to protect the cell or organism. [GOC:ai]","Elane (6.305) Ctsg (6.215) Mpo (5.159) S100a9 (2.816) Ltf (1.275) Cotl1 (0.735) S100a8 (0.15) Gapdh (-0.009) Pla2g5 (-0.007) Arg1 (-0.007)"
"k13","L6","74.596","1.000","0.145","ZHONG_PFC_C1_OPC","M39096","MSigDB-C8",NA,"","Homo sapiens","","Hmgn2 (1.706) Poc1a (1.505) Asf1b (1.391) Ndc1 (1.21) Hmgb2 (1.184) Aurka (1.184) Ska1 (1.148) Kpna2 (1.139) Depdc1b (1.111) Hmmr (1.098)"
"k13","L7","50.867","1.000","0.369","LIAN_NEUTROPHIL_GRANULE_CONSTITUENTS","M1478","MSigDB-C2",NA,"CGP","Mus musculus","Granule constituents expressed during mouse promyelocytic cell line differentiation to neutrophils.","Elane (6.305) Ctsg (6.215) Mpo (5.159) Camp (1.506) Fpr1 (1.376) Ltf (1.275) Mmp9 (-1.222) Ctse (0.888) Gusb (0.584) Lcn2 (-0.49)"
"k13","L8","35.056","0.983","0.291","REACTOME_ACTIVATION_OF_MATRIX_METALLOPROTEINASES","M26976","MSigDB-C2",NA,"CP:REACTOME","Homo sapiens","Activation of Matrix Metalloproteinases","Elane (6.305) Ctsg (6.215) Mmp8 (2.286) Mmp25 (1.632) Mmp9 (-1.222) Klkb1 (0.146) Ctsl (0.049) Mmp16 (-0.009) Mmp11 (-0.008) Tpsb2 (-0.008)"
"k13","L9","51.473","0.996","0.133","GSE15750_DAY6_VS_DAY10_EFF_CD8_TCELL_UP","M3577","MSigDB-C7",NA,"","Mus musculus","Genes up-regulated in comparison of wild type CD8 effector T cells at day 6 versus those at day 10.","Asf1b (1.391) Cdc45 (1.266) Aurka (1.184) Ska1 (1.148) Kpna2 (1.139) Hmmr (1.098) Bub1 (1.079) Plk1 (1.072) Ttk (1.056) Aunip (1.038)"
"k13","L10","42.452","1.000","0.265","REACTOME_ANTIMICROBIAL_PEPTIDES","M27627","MSigDB-C2",NA,"CP:REACTOME","Homo sapiens","Antimicrobial peptides","Elane (6.305) Ctsg (6.215) Prtn3 (5.902) S100a9 (2.816) Ccr2 (1.756) Camp (1.506) Ltf (1.275) Pglyrp1 (-1.022) Lcn2 (-0.49) Rnase6 (0.407)"
"k14","L1","182.962","1.000","0.322","AIZARANI_LIVER_C11_HEPATOCYTES_1","M39115","MSigDB-C8",NA,"","Homo sapiens","","Akr1c6 (8.38) A1bg (6.87) Slc10a1 (4.582) Rgn (4.517) Cyp1a2 (3.875) Agxt (3.859) Dpys (3.763) Serpina1e (3.741) Akr1d1 (3.613) Cyp2a5 (3.378)"
"k14","L2","169.786","1.000","0.587","Retinol metabolism","83218","BioSystems-kegg","mmu00830",NA,NA,NA,"Cyp2b13 (5.23) Cyp2c54 (4.119) Cyp2c50 (4.101) Cyp1a2 (3.875) Cyp2b9 (3.759) Cyp2a5 (3.378) Cyp2c40 (3.369) Cyp2c68 (3.249) Cyp2c38 (3.151) Adh4 (3.077)"
"k14","L3","168.199","1.000","1.439","REACTOME_SYNTHESIS_OF_BILE_ACIDS_AND_BILE_SALTS_VIA_27_HYDROXYCHOLESTEROL","M27074","MSigDB-C2",NA,"CP:REACTOME","Homo sapiens","Synthesis of bile acids and bile salts via 27-hydroxycholesterol","Akr1c6 (8.38) Cyp7a1 (7.606) Akr1d1 (3.613) Akr1c20 (2.425) Hsd3b7 (2.366) Cyp8b1 (1.353) Cyp27a1 (1.188) Cyp7b1 (0.379) Nr1h4 (0.111) Rxra (0.024)"
"k14","L4","122.506","1.000","1.028","GO_BILE_ACID_TRANSMEMBRANE_TRANSPORTER_ACTIVITY","M18613","MSigDB-C5",NA,"GO:MF","Homo sapiens","Enables the transfer of bile acid from one side of a membrane to the other. Bile acids are any of a group of steroid carboxylic acids occurring in bile, where they are present as the sodium salts of their amides with glycine or taurine. [GOC:ai]","Akr1c6 (8.38) Abcb11 (5.808) Slc10a1 (4.582) Slco1b2 (3.783) Akr1c20 (2.425) Slco1a4 (1.349) Slc10a2 (-0.666) Slco2b1 (0.591) Abcc3 (-0.205) Slc10a5 (0.023)"
"k14","L5","718.551","1.000","1.652","Xenobiotics","1367859","BioSystems-reactome","R-MMU-211981",NA,NA,NA,"Cyp2b13 (5.23) Cyp2c69 (5.178) Cyp2c54 (4.119) Cyp2c50 (4.101) Cyp1a2 (3.875) Cyp2b9 (3.759) Cyp2a5 (3.378) Cyp2c40 (3.369) Cyp2c68 (3.249) Cyp2c38 (3.151)"
"k14","L6","128.474","1.000","0.293","HSIAO_LIVER_SPECIFIC_GENES","M13283","MSigDB-C2",NA,"CGP","Homo sapiens","Liver selective genes","Akr1c6 (8.38) Slc10a1 (4.582) Rgn (4.517) Agxt (3.859) Dpys (3.763) Serpina1e (3.741) Akr1d1 (3.613) Cyp2a5 (3.378) Apcs (-3.357) Serpind1 (3.321)"
"k14","L7","70.688","1.000","0.939","HP_INTRAHEPATIC_CHOLESTASIS","M35276","MSigDB-C5",NA,"HPO","Homo sapiens","Intrahepatic cholestasis","Abcb11 (5.808) Akr1d1 (3.613) Tmprss6 (3.083) Sc5d (3.073) Hsd3b7 (2.366) Slc25a13 (0.871) Abcb4 (0.724) Amacr (0.676) Cyp7b1 (0.379) Asah1 (-0.159)"
"k14","L8","242.575","1.000","-1.454","REACTOME_XENOBIOTICS","M5372","MSigDB-C2",NA,"CP:REACTOME","Homo sapiens","Xenobiotics","Cyp1a2 (3.875) Cyp2a5 (3.378) Cyp2e1 (2.271) Cyp3a11 (2.106) Cyp2a4 (2.028) Cyp2d22 (1.538) Cyp2f2 (-0.543) Cyp3a13 (-0.17) Ahr (0.059) Cyp2c55 (-0.004)"
"k14","L9","60.789","1.000","0.659","GO_BENZENE_CONTAINING_COMPOUND_METABOLIC_PROCESS","M14283","MSigDB-C5",NA,"GO:BP","Homo sapiens","The chemical reactions and pathways involving benzene, C6H6, a volatile, very inflammable liquid, contained in the naphtha produced by the destructive distillation of coal, from which it is separated by fractional distillation, or any of its derivatives. [GOC:jl]","Ido2 (2.761) Gstm4 (2.346) Cyp2e1 (2.271) Haao (2.166) Kynu (2.048) Afmid (1.536) Gstm7 (1.426) Fah (1.207) Aadat (1.15) Acaa1b (1.141)"
"k14","L10","94.828","1.000","0.305","CHIANG_LIVER_CANCER_SUBCLASS_PROLIFERATION_DN","M16932","MSigDB-C2",NA,"CGP","Homo sapiens","Top 200 marker genes down-regulated in the 'proliferation' subclass of hepatocellular carcinoma (HCC); characterized by increased proliferation, high levels of serum AFP [GeneID=174], and chromosomal instability.","Abcb11 (5.808) Slc10a1 (4.582) Rgn (4.517) Cyp1a2 (3.875) Agxt (3.859) Gamt (3.494) Slc38a3 (3.103) Adh4 (3.077) Angptl3 (3.042) Cyp4f15 (2.899)"
"k15","L1","842.384","1.000","1.376","CUI_DEVELOPING_HEART_C2_CARDIOMYOCYTE","M39299","MSigDB-C8",NA,"","Homo sapiens","","Adprhl1 (5.933) Myh6 (5.789) Actc1 (5.682) Myl3 (5.675) Myoz2 (5.667) Pln (5.543) Tnnc1 (5.509) Tnni3 (5.46) Myh7 (5.451) Tnnt2 (5.435)"
"k15","L2","85.057","0.995","0.466","GO_REGULATION_OF_STRIATED_MUSCLE_CONTRACTION","M12174","MSigDB-C5",NA,"GO:BP","Homo sapiens","Any process that modulates the frequency, rate or extent of striated muscle contraction. [GOC:go_curators]","Myl2 (5.746) Myl3 (5.675) Pln (5.543) Tnni3 (5.46) Myh7 (5.451) Mybpc3 (5.406) Casq2 (5.194) Nppa (4.829) Tnni3k (4.25) Scn5a (4.069)"
"k15","L3","111.259","1.000","0.434","The citric acid (TCA) cycle and respiratory electron transport","1367775","BioSystems-reactome","R-MMU-1428517",NA,NA,NA,"Atp5g1 (1.758) Coq10a (1.722) Idh2 (1.625) Ogdh (1.327) Ndufa5 (1.31) Ndufb10 (1.308) Idh3b (1.281) Pdhb (1.27) Ndufv1 (1.218) Ndufa11 (1.215)"
"k15","L4","66.543","1.000","0.461","Cardiac muscle contraction","93345","BioSystems-kegg","mmu04260",NA,NA,NA,"Myh6 (5.789) Myl2 (5.746) Actc1 (5.682) Myl3 (5.675) Tnnc1 (5.509) Tnni3 (5.46) Myh7 (5.451) Tnnt2 (5.435) Cox7a1 (3.839) Cox6a2 (3.602)"
"k15","L5","94.186","1.000","0.453","CUI_DEVELOPING_HEART_CARDIAC_FIBROBLASTS","M39317","MSigDB-C8",NA,"","Homo sapiens","","Nppb (6.483) Myh6 (5.789) Myl2 (5.746) Actc1 (5.682) Myl3 (5.675) Myoz2 (5.667) Pln (5.543) Tnnc1 (5.509) Tnni3 (5.46) Myh7 (5.451)"
"k15","L6","44.941","1.000","1.001","HP_ASYMMETRIC_SEPTAL_HYPERTROPHY","M35388","MSigDB-C5",NA,"HPO","Homo sapiens","Asymmetric septal hypertrophy","Myh6 (5.789) Myl2 (5.746) Myoz2 (5.667) Myh7 (5.451) Cav3 (1.215) Hgsnat (-0.03) Naglu (-0.016) Sgsh (-0.002) Gns (0.002) Mylk2 (-0.001)"
"k15","L7","56.848","1.000","0.263","GSE32533_WT_VS_MIR17_OVEREXPRESS_ACT_CD4_TCELL_DN","M8465","MSigDB-C7",NA,"","Mus musculus","Genes down-regulated in activated CD4 [GeneID=920] T cells: wildtype versus over-expressing MIR17 [GeneID=406952].","Adprhl1 (5.933) Actc1 (5.682) Myoz2 (5.667) Tnni3 (5.46) Mb (5.393) Casq2 (5.194) Popdc2 (4.613) Mylk3 (3.873) Cox6a2 (3.602) Nexn (3.596)"
"k15","L8","38.729","1.000","0.700","CHEMELLO_SOLEUS_VS_EDL_MYOFIBERS_UP","M3001","MSigDB-C2",NA,"CGP","Mus musculus","Genes up-regulated in type 1 (soleus) vs type 2B (EDL) myofibers.","Myl2 (5.746) Casq2 (5.194) Fhl2 (5.028) Myot (2.76) Csrp3 (1.859) Itgb1bp2 (1.681) Cryab (1.669) Xirp1 (1.322) Smpx (1.162) Cavin4 (1.05)"
"k15","L10","56.661","1.000","0.471","GO_CARDIAC_MUSCLE_TISSUE_MORPHOGENESIS","M13376","MSigDB-C5",NA,"GO:BP","Homo sapiens","The process in which the anatomical structures of cardiac muscle tissue are generated and organized. [GOC:devbiol]","Myh6 (5.789) Myl2 (5.746) Actc1 (5.682) Myl3 (5.675) Tnnc1 (5.509) Tnni3 (5.46) Myh7 (5.451) Tnnt2 (5.435) Mybpc3 (5.406) Ankrd1 (5.051)"
"k15","L9","58.216","0.236","0.446","HP_LEFT_VENTRICULAR_HYPERTROPHY","M35411","MSigDB-C5",NA,"HPO","Homo sapiens","Left ventricular hypertrophy","Myl2 (5.746) Actc1 (5.682) Myl3 (5.675) Myoz2 (5.667) Pln (5.543) Tnni3 (5.46) Tnnt2 (5.435) Scn5a (4.069) Nexn (3.596) Slc25a4 (2.927)"
"k15","L9","58.216","0.764","0.364","HP_VENTRICULAR_HYPERTROPHY","M35413","MSigDB-C5",NA,"HPO","Homo sapiens","Ventricular hypertrophy","Myl2 (5.746) Actc1 (5.682) Myl3 (5.675) Myoz2 (5.667) Pln (5.543) Tnnc1 (5.509) Tnni3 (5.46) Myh7 (5.451) Tnnt2 (5.435) Mybpc3 (5.406)"
"k16","L1","188.965","1.000","1.520","HP_POLYURIA","M34538","MSigDB-C5",NA,"HPO","Homo sapiens","Polyuria","Aqp2 (7.401) Kcnj1 (6.496) Slc34a1 (6.236) Slc12a1 (6.201) Cyp24a1 (6.056) Clcnkb (5.753) Bsnd (5.569) Cldn16 (5.486) Slc12a3 (5.252) Slc5a2 (4.659)"
"k16","L2","344.577","1.000","3.445","Mineralocorticoid biosynthesis","1367707","BioSystems-reactome","R-MMU-193993",NA,NA,NA,"Hsd3b4 (7.556) Gm10681 (7.522) Gm4450 (7.066) Hsd3b1 (6.239) Cyp21a1 (5.025) Cyp11b1 (4.277) Hsd3b3 (-1.524) Hsd3b2 (1.008) Hsd3b5 (-0.008) Hsd3b6 (0.006)"
"k16","L3","132.281","1.000","1.790","SU_KIDNEY","M5672","MSigDB-C2",NA,"CGP","Homo sapiens","Genes up-regulated specifically in human kidney tissue.","Aqp2 (7.401) Kcnj1 (6.496) Slc12a1 (6.201) Slc22a2 (6.195) Slc17a1 (4.785) Kl (3.372) Hnf1b (1.787) Clcn5 (1.69) Cubn (1.301) Xpnpep2 (1.167)"
"k16","L4","69.195","1.000","0.701","WP_PROXIMAL_TUBULE_TRANSPORT","M39812","MSigDB-C2",NA,"CP:WIKIPATHWAYS","Homo sapiens","Proximal tubule transport","Slc34a1 (6.236) Slc22a2 (6.195) Cltrn (5.854) Slc22a6 (5.262) Slc22a8 (4.843) Slc6a18 (4.687) Slc5a2 (4.659) Slc34a3 (4.59) Fxyd2 (4.165) Slc13a3 (3.768)"
"k16","L5","99.884","1.000","1.032","PIONTEK_PKD1_TARGETS_UP","M1879","MSigDB-C2",NA,"CGP","Mus musculus","Genes up-regulated during later stages of renal maturation (days P14-P16) in kidney specific knockout of PKD1 [GeneID=5310].","Slc22a12 (6.567) Egf (5.236) Slc17a1 (4.785) Slc13a3 (3.768) Dnase1 (2.846) Mpv17l (2.536) Pter (2.108) Ndrg1 (2.055) Gk (2.009) Slc27a2 (1.786)"
"k16","L7","56.425","0.999","0.307","MENON_FETAL_KIDNEY_7_LOOPOF_HENLE_CELLS_DISTAL","M39257","MSigDB-C8",NA,"","Homo sapiens","","Kcnj1 (6.496) Slc12a1 (6.201) Cdh16 (6.102) Umod (5.959) Clcnkb (5.753) Cldn16 (5.486) Spp1 (5.135) Tmem213 (4.992) Pth1r (4.981) Fxyd2 (4.165)"
"k16","L8","71.043","1.000","0.691","GO_BRUSH_BORDER_MEMBRANE","M17764","MSigDB-C5",NA,"GO:CC","Homo sapiens","The portion of the plasma membrane surrounding the brush border. [GOC:mah]","Slc22a12 (6.567) Slc34a1 (6.236) Folr1 (5.015) Pth1r (4.981) Lrp2 (4.874) Slc6a18 (4.687) Slc34a3 (4.59) Atp6v0a4 (2.728) Pdzk1 (2.548) Slc17a3 (2.375)"
"k16","L9","40.194","0.981","0.929","WP_FGF23_SIGNALLING_IN_HYPOPHOSPHATEMIC_RICKETS_AND_RELATED_DISORDERS","M39862","MSigDB-C2",NA,"CP:WIKIPATHWAYS","Homo sapiens","FGF23 signalling in Hypophosphatemic rickets and related disorders","Slc34a1 (6.236) Cyp24a1 (6.056) Spp1 (5.135) Slc34a3 (4.59) Cyp11b1 (4.277) Kl (3.372) Alpl (2.365) Ccnd1 (0.38) Cyp27b1 (0.324) Galnt3 (0.309)"
"k16","L10","58.405","1.000","1.396","HP_ABNORMAL_URINE_POTASSIUM_CONCENTRATION","M38144","MSigDB-C5",NA,"HPO","Homo sapiens","Abnormal urine potassium concentration","Kcnj1 (6.496) Slc12a1 (6.201) Clcnkb (5.753) Bsnd (5.569) Slc12a3 (5.252) Cyp11b1 (4.277) Cyp11a1 (2.075) Kcnj10 (1.272) Atp1a1 (0.913) Cacna1s (-0.015)"
"k16","L6","101.348","0.264","1.632","Organic cation/anion/zwitterion transport","1368030","BioSystems-reactome","R-MMU-549132",NA,NA,NA,"Slc22a12 (6.567) Slc22a2 (6.195) Slc22a6 (5.262) Slc22a8 (4.843) Slc22a5 (2.15) Slc22a18 (2.108) Slc22a7 (1.991) Slc22a21 (0.768) Slc22a1 (0.594) Slc22a3 (-0.017)"
"k16","L6","101.348","0.736","1.701","REACTOME_ORGANIC_CATION_ANION_ZWITTERION_TRANSPORT","M888","MSigDB-C2",NA,"CP:REACTOME","Homo sapiens","Organic cation/anion/zwitterion transport","Slc22a12 (6.567) Slc22a2 (6.195) Slc22a6 (5.262) Slc22a8 (4.843) Slc22a5 (2.15) Slc22a18 (2.108) Slc22a7 (1.991) Slc22a1 (0.594) Slc22a3 (-0.017) Runx1 (-0.005)"
"k1+k5","L1","155.919","0.998","-1.232","KEGG_RIBOSOME","M189","MSigDB-C2",NA,"CP:KEGG","Homo sapiens","Ribosome","Rps28 (-7.992) Rps10 (-7.261) Rps23 (-7.09) Rps29 (-6.428) Rpl7a (-5.887) Rpl22l1 (-5.878) Rpl9 (-5.785) Rpl23a (-5.17) Rps18 (-4.894) Rpl34 (-4.556)"
"k1+k5","L2","66.778","1.000","0.518","HAY_BONE_MARROW_PLATELET","M39206","MSigDB-C8",NA,"","Homo sapiens","","Gp9 (8.23) Clec1b (7.873) Tubb1 (7.148) Ly6g6f (6.681) Alox12 (6.236) Gp6 (5.672) Itgb3 (5.217) Cd226 (4.909) Myl9 (4.454) Mpig6b (4.344)"
"k1+k5","L3","38.478","1.000","0.489","GO_PLATELET_ACTIVATION","M10857","MSigDB-C5",NA,"GO:BP","Homo sapiens","A series of progressive, overlapping events triggered by exposure of the platelets to subendothelial tissue. These events include shape change, adhesiveness, aggregation, and release reactions. When carried through to completion, these events lead to the formation of a stable hemostatic plug. [http://www.graylab.ac.uk/omd/]","Gp9 (8.23) Clec1b (7.873) Alox12 (6.236) Gp6 (5.672) Itgb3 (5.217) Mpl (5.044) Itga2b (4.837) Myl9 (4.454) Mpig6b (4.344) P2rx1 (4.307)"
"k1+k5","L4","55.437","1.000","-0.507","HALLMARK_OXIDATIVE_PHOSPHORYLATION","M5936","MSigDB-H",NA,"","Homo sapiens","Genes encoding proteins involved in oxidative phosphorylation.","Cox7c (-5.297) Etfa (-4.537) Phb2 (-4.261) Iscu (-3.887) Uqcrc2 (-3.801) Slc25a5 (-3.516) Mtx2 (-3.284) Timm9 (-3.268) Atp1b1 (-3.221) Cox15 (-3.143)"
"k1+k5","L5","38.280","1.000","0.384","CUI_DEVELOPING_HEART_C8_MACROPHAGE","M39305","MSigDB-C8",NA,"","Homo sapiens","","Lgmn (-4.459) Rgs10 (3.476) Sh3bgrl3 (3.315) Rhog (3.305) Prr13 (3.216) Plek (3.097) Tbxas1 (2.875) Pik3ap1 (2.659) Fcer1g (2.568) Myo1f (2.567)"
"k1+k5","L6","25.756","1.000","1.127","HP_ABNORMAL_PLATELET_VOLUME","M37944","MSigDB-C5",NA,"HPO","Homo sapiens","Abnormal platelet volume","Gp9 (8.23) Tubb1 (7.148) Itgb3 (5.217) Itga2b (4.837) Gp1ba (2.351) Flna (2.271) Fyb (1.971) Gata1 (1.412) Arpc1b (1.086) Gp1bb (0.864)"
"k1+k5","L8","29.918","1.000","-1.763","GO_SHORT_TERM_MEMORY","M22539","MSigDB-C5",NA,"GO:BP","Homo sapiens","The memory process that deals with the storage, retrieval and modification of information received a short time (up to about 30 minutes) ago. This type of memory is typically dependent on direct, transient effects of second messenger activation. [http://hebb.mit.edu/courses/9.03/lecture4.html, ISBN:0582227089]","Comt (-10.118) Calb1 (-7.69) Slc2a4 (-0.15) Serpinf1 (-0.13) Brinp1 (-0.017) Mdk (-0.006) Ptchd1 (-0.004) Npas4 (-0.003) Adnp (-0.003) Cux2 (0.003)"
"k1+k5","L9","17.532","0.957","-1.471","GO_TRANSLATION_ACTIVATOR_ACTIVITY","M26309","MSigDB-C5",NA,"GO:MF","Homo sapiens","Any of a group of soluble proteins functioning in the activation of ribosome-mediated translation of mRNA into a polypeptide. [GOC:ai]","Paip1 (-5.091) Larp1 (-4.715) C1qbp (-3.53) Rps27l (-2.926) Pabpc1 (-0.499) Dhx29 (0.041) Dazl (-0.008) Ctif (-0.003) Boll (-0.001) Mif4gd (0)"
"k1+k5","L10","25.006","1.000","0.538","ZHENG_CORD_BLOOD_C1_PUTATIVE_MEGAKARYOCYTE_PROGENITOR","M39210","MSigDB-C8",NA,"","Homo sapiens","","Gp9 (8.23) Clec1b (7.873) Tubb1 (7.148) Ly6g6f (6.681) Gp6 (5.672) Itga2b (4.837) Pf4 (3.809) Tmem40 (3.746) Stom (3.612) Treml1 (3.6)"
"k1+k5","L7","33.695","0.232","-0.459","SCHLOSSER_MYC_TARGETS_REPRESSED_BY_SERUM","M5075","MSigDB-C2",NA,"CGP","Homo sapiens","Cluster 7: genes up-regulated in B493-6 cells (B lymphocytes) by MYC [GeneID=4609] and down-regulated by the combination of MYC and serum.","Hprt (-4.89) Ran (-3.731) Ssbp1 (-3.709) Pmpcb (-3.188) Srsf1 (-3.125) Rabggtb (-3.006) Pno1 (-2.996) Idh3a (-2.627) Mrpl3 (-2.411) Atp5c1 (-2.246)"
"k1+k5","L7","33.695","0.768","-0.414","HALLMARK_MYC_TARGETS_V1","M5926","MSigDB-H",NA,"","Homo sapiens","A subgroup of genes regulated by MYC - version 1 (v1).","Rps10 (-7.261) Hprt (-4.89) Rpl34 (-4.556) Phb2 (-4.261) Ran (-3.731) Ssbp1 (-3.709) C1qbp (-3.53) Psma2 (-3.475) Rps3 (-3.399) Ppia (-3.233)"
"k2+k13","L1","176.275","1.000","1.053","LIAN_NEUTROPHIL_GRANULE_CONSTITUENTS","M1478","MSigDB-C2",NA,"CGP","Mus musculus","Granule constituents expressed during mouse promyelocytic cell line differentiation to neutrophils.","Elane (6.569) Ctsg (5.932) Camp (5.586) Mpo (5.563) Prg3 (3.699) Ctse (3.124) Ltf (2.114) Itgb2 (0.838) Cpa3 (0.815) Fpr1 (0.802)"
"k2+k13","L2","98.113","1.000","0.295","HALLMARK_HEME_METABOLISM","M5945","MSigDB-H",NA,"","Homo sapiens","Genes involved in metabolism of heme (a cofactor consisting of iron and porphyrin) and erythroblast differentiation.","Gypa (6.947) Alas2 (5.016) Slc4a1 (4.833) Tspo2 (4.797) Rhag (4.649) Trim10 (4.627) Klf1 (4.588) Rhd (4.369) Kel (4.285) Epb42 (3.911)"
"k2+k13","L3","119.226","1.000","1.218","HAY_BONE_MARROW_CD34_POS_EO_B_MAST","M39178","MSigDB-C8",NA,"","Homo sapiens","","Epx (6.07) Prg2 (5.971) Ms4a3 (5.903) Ms4a2 (1.654) Hdc (0.078) Tpsb2 (-0.016) Slc45a3 (-0.013) Hpgd (-0.01) Adcyap1 (-0.007) Hpgds (-0.007)"
"k2+k13","L4","123.463","1.000","0.974","WELCH_GATA1_TARGETS","M1407","MSigDB-C2",NA,"CGP","Mus musculus","Genes up-regulated after GATA1 [GeneID=2623] activation in G1E-ER4 cells (erythroid precursors engineered to express GATA1 upon addition of estradiol [PubChem=5757]).","Gypa (6.947) Alas2 (5.016) Slc4a1 (4.833) Klf1 (4.588) Hmbs (3.487) Nfe2 (-2.517) Abcb10 (1.784) Urod (1.245) Zfpm1 (0.879) Uros (0.85)"
"k2+k13","L5","93.084","1.000","0.586","Antimicrobial peptides","1457936","BioSystems-reactome","R-MMU-6803157",NA,NA,NA,"Elane (6.569) Prtn3 (6.035) Ctsg (5.932) Ear6 (5.679) Clu (-5.625) Ear1 (5.246) S100a9 (3.864) Ear10 (3.703) Ear2 (2.964) Ltf (2.114)"
"k2+k13","L6","59.725","0.982","0.218","GAL_LEUKEMIC_STEM_CELL_DN","M4502","MSigDB-C2",NA,"CGP","Homo sapiens","Genes down-regulated in leukemic stem cells (LSC), defined as CD34+CD38- [GeneID=947;952] cells from AML (acute myeloid leukemia patients) compared to the CD34+CD38+ cells.","Elane (6.569) Prtn3 (6.035) Fcnb (6.022) Ctsg (5.932) Ms4a3 (5.903) Ear6 (5.679) Ermap (3.902) S100a9 (3.864) Igll1 (3.432) Cebpe (2.558)"
"k2+k13","L7","93.100","0.500","1.181","Asthma","83313","BioSystems-kegg","mmu05310",NA,NA,NA,"Epx (6.07) Prg2 (5.971) Fcer1a (1.95) Ms4a2 (1.654) Fcer1g (1.018) Cd40 (0.026) Ccl11 (-0.017) Il4 (-0.005) Tnf (-0.001) Il10 (0)"
"k2+k13","L7","93.100","0.500","1.181","KEGG_ASTHMA","M13950","MSigDB-C2",NA,"CP:KEGG","Homo sapiens","Asthma","Epx (6.07) Prg2 (5.971) Fcer1a (1.95) Ms4a2 (1.654) Fcer1g (1.018) Cd40 (0.026) Ccl11 (-0.017) Il4 (-0.005) Tnf (-0.001) Il10 (0)"
"k2+k13","L8","71.167","1.000","1.009","HP_ABNORMAL_ERYTHROCYTE_PHYSIOLOGY","M38219","MSigDB-C5",NA,"HPO","Homo sapiens","Abnormal erythrocyte physiology","Slc4a1 (4.833) Rhag (4.649) Epb42 (3.911) Spta1 (3.149) Sptb (0.561) Epb41 (0.465) Ank1 (-0.454) Pklr (0.087) Kcnn4 (0.011) Slc4a4 (0.007)"
"k2+k13","L9","69.344","1.000","0.259","GSE34205_HEALTHY_VS_RSV_INF_INFANT_PBMC_DN","M5137","MSigDB-C7",NA,"","Homo sapiens","Genes down-regulated in comparison of peripheral blood mononuclear cells (PBMC) from healthy donors versus PBMCs from infanct with acute RSV infection.","Gypa (6.947) Prtn3 (6.035) Hemgn (5.869) Ear6 (5.679) Camp (5.586) Mpo (5.563) Alas2 (5.016) Slc4a1 (4.833) Klf1 (4.588) Epb42 (3.911)"
"k2+k13","L10","93.359","1.000","0.821","HAY_BONE_MARROW_CD34_POS_GRAN","M39181","MSigDB-C8",NA,"","Homo sapiens","","Elane (6.569) Prtn3 (6.035) Ctsg (5.932) Mpo (5.563) Prss57 (1.444) Cpa3 (0.815) Ceacam1 (0.323) Plppr3 (-0.236) P4hb (-0.16) Gpr12 (0.024)"
"k6+k14","L1","784.770","1.000","1.505","AIZARANI_LIVER_C14_HEPATOCYTES_2","M39118","MSigDB-C8",NA,"","Homo sapiens","","Apoh (8.689) Plg (8.551) Ahsg (8.247) Apoa2 (8.182) Apoa5 (8.084) Akr1c6 (8.028) F2 (7.972) Fgl1 (7.945) Serpina1b (7.864) Ambp (7.787)"
"k6+k14","L2","676.532","1.000","3.260","Xenobiotics","1367859","BioSystems-reactome","R-MMU-211981",NA,NA,NA,"Cyp2c50 (8.697) Cyp3a41a (8.548) Cyp3a41b (8.547) Cyp2c37 (8.434) Cyp2c54 (8.114) Cyp1a2 (7.761) Cyp2c29 (6.789) Cyp2b9 (6.352) Cyp2c67 (6.149) Cyp2b13 (5.818)"
"k6+k14","L3","259.890","1.000","1.764","SU_LIVER","M7054","MSigDB-C2",NA,"CGP","Homo sapiens","Genes up-regulated specifically in human liver tissue.","Plg (8.551) Apof (8.188) Akr1c6 (8.028) Cyp1a2 (7.761) Apcs (7.748) Serpinc1 (7.61) F12 (7.581) C9 (7.38) Hao1 (7.282) Mbl2 (7.264)"
"k6+k14","L4","361.482","1.000","0.971","HSIAO_LIVER_SPECIFIC_GENES","M13283","MSigDB-C2",NA,"CGP","Homo sapiens","Liver selective genes","Apoh (8.689) Alb (8.625) Plg (8.551) Ahsg (8.247) Cpb2 (8.242) Mug1 (8.208) Apof (8.188) Apoa2 (8.182) Akr1c6 (8.028) F2 (7.972)"
"k6+k14","L5","501.138","1.000","-4.194","REACTOME_XENOBIOTICS","M5372","MSigDB-C2",NA,"CP:REACTOME","Homo sapiens","Xenobiotics","Cyp1a2 (7.761) Cyp2e1 (4.694) Cyp3a11 (3.218) Cyp2a5 (2.685) Cyp2d22 (1.427) Cyp2a4 (1.342) Cyp2f2 (-1.13) Cyp3a13 (0.68) Arnt (-0.162) Cyp2j9 (0.013)"
"k6+k14","L6","143.190","1.000","2.307","Recycling of bile acids and salts","1367703","BioSystems-reactome","R-MMU-159418",NA,NA,NA,"Alb (8.625) Slco1b2 (8.441) Slc10a1 (7.636) Slc27a5 (7.558) Abcb11 (7.135) Slco1a1 (6.252) Baat (5.443) Slc10a2 (1.682) Slco1a4 (0.687) Abcc3 (-0.081)"
"k6+k14","L7","136.679","1.000","1.620","bupropion degradation","143045","BioSystems-biocyc","MOUSE_PWY66-241",NA,NA,NA,"Cyp2c50 (8.697) Cyp3a41a (8.548) Cyp3a41b (8.547) Cyp2c37 (8.434) Cyp2c54 (8.114) Cyp2a12 (7.939) Cyp2c70 (7.781) Cyp1a2 (7.761) Cyp2c29 (6.789) Cyp2b9 (6.352)"
"k6+k14","L8","165.959","1.000","1.139","Complement and coagulation cascades","83270","BioSystems-kegg","mmu04610",NA,NA,NA,"Plg (8.551) Cpb2 (8.242) Serpina1c (8.171) Kng1 (7.983) F2 (7.972) Serpina1b (7.864) Serpinc1 (7.61) F12 (7.581) C9 (7.38) Mbl2 (7.264)"
"k6+k14","L9","82.008","1.000","1.702","Cytosolic sulfonation of small molecules","1367875","BioSystems-reactome","R-MMU-156584",NA,NA,NA,"Sult2a8 (8.047) Sult2a1 (7.493) Sult2a4 (6.977) Sult2a5 (6.559) Sult1e1 (4.654) Sult2a7 (3.505) Sult1b1 (1.842) Sult2a3 (1.619) Papss2 (-1.034) Sult1a1 (0.654)"
"k6+k14","L10","87.144","1.000","0.604","OHGUCHI_LIVER_HNF4A_TARGETS_DN","M2194","MSigDB-C2",NA,"CGP","Mus musculus","Genes down-regulated in liver samples of liver-specific knockout of HNF4A [GeneID=3172].","Mug1 (8.208) Serpina1b (7.864) Hrg (7.616) F12 (7.581) Slc27a5 (7.558) Mug2 (7.508) Sult2a1 (7.493) C9 (7.38) Hao1 (7.282) Mbl2 (7.264)"
