sample_ID,group_ID,mouse,tissue,treatment,timepoint,barcode,outlier,batch
HE_d0.7_1,HE_IFNg_d0.7,1,HE,IFNg,d0.7,N710:AAAATC,0,1
HE_d0.7_2,HE_IFNg_d0.7,2,HE,IFNg,d0.7,N710:AAATAC,0,1
HE_d0.7_3,HE_IFNg_d0.7,3,HE,IFNg,d0.7,N710:AACAAT,0,1
HE_d0.7_4,HE_IFNg_d0.7,4,HE,IFNg,d0.7,N710:AAGTAT,0,1
HE_d0.7_5,HE_IL1b_d0.7,5,HE,IL1b,d0.7,N710:AATAGT,0,1
HE_d0.7_6,HE_IL1b_d0.7,6,HE,IL1b,d0.7,N710:AATGAT,0,1
HE_d0.7_7,HE_IL1b_d0.7,7,HE,IL1b,d0.7,N710:AATTGA,0,1
HE_d0.7_8,HE_IL1b_d0.7,8,HE,IL1b,d0.7,N710:ACATAA,0,1
HE_d0.7_9,HE_IL6_d0.7,9,HE,IL6,d0.7,N710:ACTTTA,0,1
HE_d0.7_10,HE_IL6_d0.7,10,HE,IL6,d0.7,N710:AGTAAT,0,1
HE_d0.7_11,HE_IL6_d0.7,11,HE,IL6,d0.7,N710:ATAACA,0,1
HE_d0.7_12,HE_IL6_d0.7,12,HE,IL6,d0.7,N710:ATACTT,0,1
HE_d0.7_13,HE_IL10_d0.7,13,HE,IL10,d0.7,N710:ATATCT,0,1
HE_d0.7_14,HE_IL10_d0.7,14,HE,IL10,d0.7,N710:ATCATT,0,1
HE_d0.7_15,HE_IL10_d0.7,15,HE,IL10,d0.7,N710:ATGATA,0,1
HE_d0.7_16,HE_IL10_d0.7,16,HE,IL10,d0.7,N710:ATTAGA,0,1
HE_d0.7_17,HE_TNF_d0.7,17,HE,TNF,d0.7,N710:ATTGAA,0,1
HE_d0.7_18,HE_TNF_d0.7,18,HE,TNF,d0.7,N710:ATTTGT,0,1
HE_d0.7_19,HE_TNF_d0.7,19,HE,TNF,d0.7,N710:CAATAA,0,1
HE_d0.7_20,HE_TNF_d0.7,20,HE,TNF,d0.7,N710:CATTTA,0,1
HE_d0.7_21,HE_IFNgIL1b_d0.7,21,HE,IFNgIL1b,d0.7,N710:CTATTA,0,1
HE_d0.7_22,HE_IFNgIL1b_d0.7,22,HE,IFNgIL1b,d0.7,N710:GAAATT,0,1
HE_d0.7_23,HE_IFNgIL1b_d0.7,23,HE,IFNgIL1b,d0.7,N710:GATATA,1,1
HE_d0.7_24,HE_IFNgIL1b_d0.7,24,HE,IFNgIL1b,d0.7,N710:GTATAA,0,1
HE_d0.7_25,HE_IFNgIL6_d0.7,25,HE,IFNgIL6,d0.7,N710:GTTTTA,0,1
HE_d0.7_26,HE_IFNgIL6_d0.7,26,HE,IFNgIL6,d0.7,N710:TAAATG,0,1
HE_d0.7_27,HE_IFNgIL6_d0.7,27,HE,IFNgIL6,d0.7,N710:TAAGTA,0,1
HE_d0.7_28,HE_IFNgIL6_d0.7,28,HE,IFNgIL6,d0.7,N710:TAATTC,0,1
HE_d0.7_29,HE_IFNgIL10_d0.7,29,HE,IFNgIL10,d0.7,N710:TACTTA,0,1
HE_d0.7_30,HE_IFNgIL10_d0.7,30,HE,IFNgIL10,d0.7,N710:TAGTTT,0,1
HE_d0.7_31,HE_IFNgIL10_d0.7,31,HE,IFNgIL10,d0.7,N710:TATATC,0,1
HE_d0.7_32,HE_IFNgIL10_d0.7,32,HE,IFNgIL10,d0.7,N710:TATGTT,0,1
HE_d0.7_33,HE_TNFIFNg_d0.7,33,HE,TNFIFNg,d0.7,N710:TATTTG,0,1
HE_d0.7_34,HE_TNFIFNg_d0.7,34,HE,TNFIFNg,d0.7,N710:TCATTA,0,1
HE_d0.7_35,HE_TNFIFNg_d0.7,35,HE,TNFIFNg,d0.7,N710:TGAAAT,1,1
HE_d0.7_36,HE_TNFIFNg_d0.7,36,HE,TNFIFNg,d0.7,N710:TGTAAA,0,1
HE_d0.7_37,HE_IL1bIL6_d0.7,37,HE,IL1bIL6,d0.7,N710:TTAAAG,0,1
HE_d0.7_38,HE_IL1bIL6_d0.7,38,HE,IL1bIL6,d0.7,N710:TTACAT,0,1
HE_d0.7_39,HE_IL1bIL6_d0.7,39,HE,IL1bIL6,d0.7,N710:TTATAC,0,1
HE_d0.7_40,HE_IL1bIL6_d0.7,40,HE,IL1bIL6,d0.7,N710:TTCAAT,0,1
HE_d0.7_41,HE_IL1bIL10_d0.7,41,HE,IL1bIL10,d0.7,N710:TTGATT,0,1
HE_d0.7_42,HE_IL1bIL10_d0.7,42,HE,IL1bIL10,d0.7,N710:TTTAGT,0,1
HE_d0.7_43,HE_IL1bIL10_d0.7,43,HE,IL1bIL10,d0.7,N710:TTTGTA,0,1
HE_d0.7_44,HE_IL1bIL10_d0.7,44,HE,IL1bIL10,d0.7,N710:TCTTTC,0,1
HE_d0.7_45,HE_IL6IL10_d0.7,45,HE,IL6IL10,d0.7,N710:AGGGAT,0,1
HE_d0.7_46,HE_IL6IL10_d0.7,46,HE,IL6IL10,d0.7,N710:CAGTCA,0,1
HE_d0.7_47,HE_IL6IL10_d0.7,47,HE,IL6IL10,d0.7,N710:CCGATT,0,1
HE_d0.7_48,HE_IL6IL10_d0.7,48,HE,IL6IL10,d0.7,N710:CTTCTG,0,1
HE_d0.7_49,HE_TNFIL6_d0.7,49,HE,TNFIL6,d0.7,N710:GCTTAC,0,1
HE_d0.7_50,HE_TNFIL6_d0.7,50,HE,TNFIL6,d0.7,N710:GTACAC,0,1
HE_d0.7_51,HE_TNFIL6_d0.7,51,HE,TNFIL6,d0.7,N710:TAGTGG,0,1
HE_d0.7_52,HE_TNFIL6_d0.7,52,HE,TNFIL6,d0.7,N710:TTCCTC,0,1
HE_d0.7_53,HE_TNFIL10_d0.7,53,HE,TNFIL10,d0.7,N710:CCTTCC,0,1
HE_d0.7_54,HE_TNFIL10_d0.7,54,HE,TNFIL10,d0.7,N710:ACCCCC,0,1
HE_d0.7_55,HE_TNFIL10_d0.7,55,HE,TNFIL10,d0.7,N710:ACGCCG,0,1
HE_d0.7_56,HE_TNFIL10_d0.7,56,HE,TNFIL10,d0.7,N710:AGCCCG,0,1
HE_d0.7_57,HE_IL18_d0.7,57,HE,IL18,d0.7,N710:AGGCCC,0,1
HE_d0.7_58,HE_IL18_d0.7,58,HE,IL18,d0.7,N710:CACCCC,0,1
HE_d0.7_59,HE_IL18_d0.7,59,HE,IL18,d0.7,N710:CAGCCG,0,1
HE_d0.7_60,HE_IL18_d0.7,60,HE,IL18,d0.7,N710:CCACCG,0,1
HE_d0.7_61,HE_IFNgIL18_d0.7,61,HE,IFNgIL18,d0.7,N710:CCCAGC,0,1
HE_d0.7_62,HE_IFNgIL18_d0.7,62,HE,IFNgIL18,d0.7,N710:CCCCTG,0,1
HE_d0.7_63,HE_IFNgIL18_d0.7,63,HE,IFNgIL18,d0.7,N710:CCGAGG,0,1
HE_d0.7_64,HE_IFNgIL18_d0.7,64,HE,IFNgIL18,d0.7,N710:CCGGCA,0,1
HE_d0.7_65,HE_IL1bIL18_d0.7,65,HE,IL1bIL18,d0.7,N710:CCGTGC,0,1
HE_d0.7_66,HE_IL1bIL18_d0.7,66,HE,IL1bIL18,d0.7,N710:CGACCC,0,1
HE_d0.7_67,HE_IL1bIL18_d0.7,67,HE,IL1bIL18,d0.7,N710:CGCACC,0,1
HE_d0.7_68,HE_IL1bIL18_d0.7,68,HE,IL1bIL18,d0.7,N710:CGCCGA,0,1
HE_d0.7_69,HE_IL6IL18_d0.7,69,HE,IL6IL18,d0.7,N710:CGCGGT,0,1
HE_d0.7_70,HE_IL6IL18_d0.7,70,HE,IL6IL18,d0.7,N710:CGGACG,0,1
HE_d0.7_71,HE_IL6IL18_d0.7,71,HE,IL6IL18,d0.7,N710:CGGCGT,0,1
HE_d0.7_72,HE_IL6IL18_d0.7,72,HE,IL6IL18,d0.7,N710:CGGGGA,0,1
HE_d0.7_73,HE_IL10IL18_d0.7,73,HE,IL10IL18,d0.7,N710:CGTCCG,0,1
HE_d0.7_74,HE_IL10IL18_d0.7,74,HE,IL10IL18,d0.7,N710:CTCCCG,0,1
HE_d0.7_75,HE_IL10IL18_d0.7,75,HE,IL10IL18,d0.7,N710:CTGGCG,0,1
HE_d0.7_76,HE_IL10IL18_d0.7,76,HE,IL10IL18,d0.7,N710:GACGCC,0,1
HE_d0.7_77,HE_TNFIL18_d0.7,77,HE,TNFIL18,d0.7,N710:GAGGCG,0,1
HE_d0.7_78,HE_TNFIL18_d0.7,78,HE,TNFIL18,d0.7,N710:GCAGCG,0,1
HE_d0.7_79,HE_TNFIL18_d0.7,79,HE,TNFIL18,d0.7,N710:GCCCAG,0,1
HE_d0.7_80,HE_TNFIL18_d0.7,80,HE,TNFIL18,d0.7,N710:GCCGAC,0,1
HE_d0_81,HE_Control_d0,81,HE,Control,d0,N710:GCCTCG,0,1
HE_d0_82,HE_Control_d0,82,HE,Control,d0,N710:GCGCAC,0,1
HE_d0_83,HE_Control_d0,83,HE,Control,d0,N710:GCGGAG,0,1
HE_d0_84,HE_Control_d0,84,HE,Control,d0,N710:GCGTCC,0,1
KI_d0.7_1,KI_IFNg_d0.7,1,KI,IFNg,d0.7,N710:AAACAT,0,1
KI_d0.7_2,KI_IFNg_d0.7,2,KI,IFNg,d0.7,N710:AAATCA,0,1
KI_d0.7_3,KI_IFNg_d0.7,3,KI,IFNg,d0.7,N710:AACATA,0,1
KI_d0.7_4,KI_IFNg_d0.7,4,KI,IFNg,d0.7,N710:AAGTTA,0,1
KI_d0.7_5,KI_IL1b_d0.7,5,KI,IL1b,d0.7,N710:AATATG,0,1
KI_d0.7_6,KI_IL1b_d0.7,6,KI,IL1b,d0.7,N710:AATGTA,0,1
KI_d0.7_7,KI_IL1b_d0.7,7,KI,IL1b,d0.7,N710:AATTTC,0,1
KI_d0.7_8,KI_IL1b_d0.7,8,KI,IL1b,d0.7,N710:ACTAAA,0,1
KI_d0.7_9,KI_IL6_d0.7,9,KI,IL6,d0.7,N710:AGAATT,0,1
KI_d0.7_10,KI_IL6_d0.7,10,KI,IL6,d0.7,N710:AGTATA,0,1
KI_d0.7_11,KI_IL6_d0.7,11,KI,IL6,d0.7,N710:ATAAGT,0,1
KI_d0.7_12,KI_IL6_d0.7,12,KI,IL6,d0.7,N710:ATAGAT,0,1
KI_d0.7_13,KI_IL10_d0.7,13,KI,IL10,d0.7,N710:ATATGA,0,1
KI_d0.7_14,KI_IL10_d0.7,14,KI,IL10,d0.7,N710:ATCTAT,0,1
KI_d0.7_15,KI_IL10_d0.7,15,KI,IL10,d0.7,N710:ATGTAA,0,1
KI_d0.7_16,KI_IL10_d0.7,16,KI,IL10,d0.7,N710:ATTATC,0,1
KI_d0.7_17,KI_TNF_d0.7,17,KI,TNF,d0.7,N710:ATTGTT,0,1
KI_d0.7_18,KI_TNF_d0.7,18,KI,TNF,d0.7,N710:ATTTTG,0,1
KI_d0.7_19,KI_TNF_d0.7,19,KI,TNF,d0.7,N710:CATAAA,0,1
KI_d0.7_20,KI_TNF_d0.7,20,KI,TNF,d0.7,N710:CTAAAA,0,1
KI_d0.7_21,KI_IFNgIL1b_d0.7,21,KI,IFNgIL1b,d0.7,N710:CTTAAT,0,1
KI_d0.7_22,KI_IFNgIL1b_d0.7,22,KI,IFNgIL1b,d0.7,N710:GAATAT,0,1
KI_d0.7_23,KI_IFNgIL1b_d0.7,23,KI,IFNgIL1b,d0.7,N710:GATTAA,0,1
KI_d0.7_24,KI_IFNgIL1b_d0.7,24,KI,IFNgIL1b,d0.7,N710:GTTAAA,0,1
KI_d0.7_25,KI_IFNgIL6_d0.7,25,KI,IFNgIL6,d0.7,N710:TAAAAC,0,1
KI_d0.7_26,KI_IFNgIL6_d0.7,26,KI,IFNgIL6,d0.7,N710:TAACAA,0,1
KI_d0.7_27,KI_IFNgIL6_d0.7,27,KI,IFNgIL6,d0.7,N710:TAATAG,0,1
KI_d0.7_28,KI_IFNgIL6_d0.7,28,KI,IFNgIL6,d0.7,N710:TACAAA,0,1
KI_d0.7_29,KI_IFNgIL10_d0.7,29,KI,IFNgIL10,d0.7,N710:TAGAAT,0,1
KI_d0.7_30,KI_IFNgIL10_d0.7,30,KI,IFNgIL10,d0.7,N710:TATAAG,0,1
KI_d0.7_31,KI_IFNgIL10_d0.7,31,KI,IFNgIL10,d0.7,N710:TATCAT,0,1
KI_d0.7_32,KI_IFNgIL10_d0.7,32,KI,IFNgIL10,d0.7,N710:TATTAC,0,1
KI_d0.7_33,KI_TNFIFNg_d0.7,33,KI,TNFIFNg,d0.7,N710:TCAAAA,0,1
KI_d0.7_34,KI_TNFIFNg_d0.7,34,KI,TNFIFNg,d0.7,N710:TCTAAT,0,1
KI_d0.7_35,KI_TNFIFNg_d0.7,35,KI,TNFIFNg,d0.7,N710:TGAATA,0,1
KI_d0.7_36,KI_TNFIFNg_d0.7,36,KI,TNFIFNg,d0.7,N710:TGTATT,0,1
KI_d0.7_37,KI_IL1bIL6_d0.7,37,KI,IL1bIL6,d0.7,N710:TTAACT,0,1
KI_d0.7_38,KI_IL1bIL6_d0.7,38,KI,IL1bIL6,d0.7,N710:TTACTA,0,1
KI_d0.7_39,KI_IL1bIL6_d0.7,39,KI,IL1bIL6,d0.7,N710:TTATCA,0,1
KI_d0.7_40,KI_IL1bIL6_d0.7,40,KI,IL1bIL6,d0.7,N710:TTCATA,0,1
KI_d0.7_41,KI_IL1bIL10_d0.7,41,KI,IL1bIL10,d0.7,N710:TTGTTA,0,1
KI_d0.7_42,KI_IL1bIL10_d0.7,42,KI,IL1bIL10,d0.7,N710:TTTATG,0,1
KI_d0.7_43,KI_IL1bIL10_d0.7,43,KI,IL1bIL10,d0.7,N710:TTTTAG,0,1
KI_d0.7_44,KI_IL1bIL10_d0.7,44,KI,IL1bIL10,d0.7,N710:TTGGAT,0,1
KI_d0.7_45,KI_IL6IL10_d0.7,45,KI,IL6IL10,d0.7,N710:ATCGAG,0,1
KI_d0.7_46,KI_IL6IL10_d0.7,46,KI,IL6IL10,d0.7,N710:CATCAG,0,1
KI_d0.7_47,KI_IL6IL10_d0.7,47,KI,IL6IL10,d0.7,N710:CGACTT,0,1
KI_d0.7_48,KI_IL6IL10_d0.7,48,KI,IL6IL10,d0.7,N710:GAAGAC,0,1
KI_d0.7_49,KI_TNFIL6_d0.7,49,KI,TNFIL6,d0.7,N710:GGACAT,0,1
KI_d0.7_50,KI_TNFIL6_d0.7,50,KI,TNFIL6,d0.7,N710:GTCAAG,0,1
KI_d0.7_51,KI_TNFIL6_d0.7,51,KI,TNFIL6,d0.7,N710:TCCAAC,0,1
KI_d0.7_52,KI_TNFIL6_d0.7,52,KI,TNFIL6,d0.7,N710:TTGTCC,0,1
KI_d0.7_53,KI_TNFIL10_d0.7,53,KI,TNFIL10,d0.7,N710:CTCTCC,0,1
KI_d0.7_54,KI_TNFIL10_d0.7,54,KI,TNFIL10,d0.7,N710:ACCCGG,0,1
KI_d0.7_55,KI_TNFIL10_d0.7,55,KI,TNFIL10,d0.7,N710:ACGCGC,0,1
KI_d0.7_56,KI_TNFIL10_d0.7,56,KI,TNFIL10,d0.7,N710:AGCCGC,0,1
KI_d0.7_57,KI_IL18_d0.7,57,KI,IL18,d0.7,N710:AGGCGG,0,1
KI_d0.7_58,KI_IL18_d0.7,58,KI,IL18,d0.7,N710:CACCGG,0,1
KI_d0.7_59,KI_IL18_d0.7,59,KI,IL18,d0.7,N710:CAGCGC,0,1
KI_d0.7_60,KI_IL18_d0.7,60,KI,IL18,d0.7,N710:CCACGC,0,1
KI_d0.7_61,KI_IFNgIL18_d0.7,61,KI,IFNgIL18,d0.7,N710:CCCCAC,0,1
KI_d0.7_62,KI_IFNgIL18_d0.7,62,KI,IFNgIL18,d0.7,N710:CCCGAG,0,1
KI_d0.7_63,KI_IFNgIL18_d0.7,63,KI,IFNgIL18,d0.7,N710:CCGCAG,0,1
KI_d0.7_64,KI_IFNgIL18_d0.7,64,KI,IFNgIL18,d0.7,N710:CCGGGT,0,1
KI_d0.7_65,KI_IL1bIL18_d0.7,65,KI,IL1bIL18,d0.7,N710:CCTCGG,0,1
KI_d0.7_66,KI_IL1bIL18_d0.7,66,KI,IL1bIL18,d0.7,N710:CGACGG,0,1
KI_d0.7_67,KI_IL1bIL18_d0.7,67,KI,IL1bIL18,d0.7,N710:CGCAGG,0,1
KI_d0.7_68,KI_IL1bIL18_d0.7,68,KI,IL1bIL18,d0.7,N710:CGCCTC,0,1
KI_d0.7_69,KI_IL6IL18_d0.7,69,KI,IL6IL18,d0.7,N710:CGCGTG,0,1
KI_d0.7_70,KI_IL6IL18_d0.7,70,KI,IL6IL18,d0.7,N710:CGGAGC,0,1
KI_d0.7_71,KI_IL6IL18_d0.7,71,KI,IL6IL18,d0.7,N710:CGGCTG,0,1
KI_d0.7_72,KI_IL6IL18_d0.7,72,KI,IL6IL18,d0.7,N710:CGGGTC,0,1
KI_d0.7_73,KI_IL10IL18_d0.7,73,KI,IL10IL18,d0.7,N710:CGTCGC,0,1
KI_d0.7_74,KI_IL10IL18_d0.7,74,KI,IL10IL18,d0.7,N710:CTCCGC,0,1
KI_d0.7_75,KI_IL10IL18_d0.7,75,KI,IL10IL18,d0.7,N710:CTGGGC,0,1
KI_d0.7_76,KI_IL10IL18_d0.7,76,KI,IL10IL18,d0.7,N710:GACGGG,0,1
KI_d0.7_77,KI_TNFIL18_d0.7,77,KI,TNFIL18,d0.7,N710:GAGGGC,0,1
KI_d0.7_78,KI_TNFIL18_d0.7,78,KI,TNFIL18,d0.7,N710:GCAGGC,0,1
KI_d0.7_79,KI_TNFIL18_d0.7,79,KI,TNFIL18,d0.7,N710:GCCCCT,0,1
KI_d0.7_80,KI_TNFIL18_d0.7,80,KI,TNFIL18,d0.7,N710:GCCGCA,0,1
KI_d0_81,KI_Control_d0,81,KI,Control,d0,N710:GCCTGC,0,1
KI_d0_82,KI_Control_d0,82,KI,Control,d0,N710:GCGCCA,0,1
KI_d0_83,KI_Control_d0,83,KI,Control,d0,N710:GCGGCT,0,1
KI_d0_84,KI_Control_d0,84,KI,Control,d0,N710:GCGTGG,0,1
LU_d0.7_1,LU_IFNg_d0.7,1,LU,IFNg,d0.7,N710:AAACTA,0,1
LU_d0.7_2,LU_IFNg_d0.7,2,LU,IFNg,d0.7,N710:AAATGT,0,1
LU_d0.7_3,LU_IFNg_d0.7,3,LU,IFNg,d0.7,N710:AACTAA,0,1
LU_d0.7_4,LU_IFNg_d0.7,4,LU,IFNg,d0.7,N710:AATAAC,0,1
LU_d0.7_5,LU_IL1b_d0.7,5,LU,IL1b,d0.7,N710:AATCAA,0,1
LU_d0.7_6,LU_IL1b_d0.7,6,LU,IL1b,d0.7,N710:AATTAG,0,1
LU_d0.7_7,LU_IL1b_d0.7,7,LU,IL1b,d0.7,N710:ACAAAT,0,1
LU_d0.7_8,LU_IL1b_d0.7,8,LU,IL1b,d0.7,N710:ACTATT,0,1
LU_d0.7_9,LU_IL6_d0.7,9,LU,IL6,d0.7,N710:AGATAT,0,1
LU_d0.7_10,LU_IL6_d0.7,10,LU,IL6,d0.7,N710:AGTTAA,0,1
LU_d0.7_11,LU_IL6_d0.7,11,LU,IL6,d0.7,N710:ATAATG,0,1
LU_d0.7_12,LU_IL6_d0.7,12,LU,IL6,d0.7,N710:ATAGTA,0,1
LU_d0.7_13,LU_IL10_d0.7,13,LU,IL10,d0.7,N710:ATATTC,0,1
LU_d0.7_14,LU_IL10_d0.7,14,LU,IL10,d0.7,N710:ATCTTA,0,1
LU_d0.7_15,LU_IL10_d0.7,15,LU,IL10,d0.7,N710:ATTAAG,0,1
LU_d0.7_16,LU_IL10_d0.7,16,LU,IL10,d0.7,N710:ATTCAT,0,1
LU_d0.7_17,LU_TNF_d0.7,17,LU,TNF,d0.7,N710:ATTTAC,0,1
LU_d0.7_18,LU_TNF_d0.7,18,LU,TNF,d0.7,N710:CAAAAT,0,1
LU_d0.7_19,LU_TNF_d0.7,19,LU,TNF,d0.7,N710:CATATT,0,1
LU_d0.7_20,LU_TNF_d0.7,20,LU,TNF,d0.7,N710:CTAATT,0,1
LU_d0.7_21,LU_IFNgIL1b_d0.7,21,LU,IFNgIL1b,d0.7,N710:CTTATA,0,1
LU_d0.7_22,LU_IFNgIL1b_d0.7,22,LU,IFNgIL1b,d0.7,N710:GAATTA,0,1
LU_d0.7_23,LU_IFNgIL1b_d0.7,23,LU,IFNgIL1b,d0.7,N710:GTAAAT,0,1
LU_d0.7_24,LU_IFNgIL1b_d0.7,24,LU,IFNgIL1b,d0.7,N710:GTTATT,0,1
LU_d0.7_25,LU_IFNgIL6_d0.7,25,LU,IFNgIL6,d0.7,N710:TAAACA,0,1
LU_d0.7_26,LU_IFNgIL6_d0.7,26,LU,IFNgIL6,d0.7,N710:TAACTT,0,1
LU_d0.7_27,LU_IFNgIL6_d0.7,27,LU,IFNgIL6,d0.7,N710:TAATCT,0,1
LU_d0.7_28,LU_IFNgIL6_d0.7,28,LU,IFNgIL6,d0.7,N710:TACATT,0,1
LU_d0.7_29,LU_IFNgIL10_d0.7,29,LU,IFNgIL10,d0.7,N710:TAGATA,0,1
LU_d0.7_30,LU_IFNgIL10_d0.7,30,LU,IFNgIL10,d0.7,N710:TATACT,0,1
LU_d0.7_31,LU_IFNgIL10_d0.7,31,LU,IFNgIL10,d0.7,N710:TATCTA,0,1
LU_d0.7_32,LU_IFNgIL10_d0.7,32,LU,IFNgIL10,d0.7,N710:TATTCA,0,1
LU_d0.7_33,LU_TNFIFNg_d0.7,33,LU,TNFIFNg,d0.7,N710:TCAATT,0,1
LU_d0.7_34,LU_TNFIFNg_d0.7,34,LU,TNFIFNg,d0.7,N710:TCTATA,0,1
LU_d0.7_35,LU_TNFIFNg_d0.7,35,LU,TNFIFNg,d0.7,N710:TGATAA,0,1
LU_d0.7_36,LU_TNFIFNg_d0.7,36,LU,TNFIFNg,d0.7,N710:TGTTAT,0,1
LU_d0.7_37,LU_IL1bIL6_d0.7,37,LU,IL1bIL6,d0.7,N710:TTAAGA,0,1
LU_d0.7_38,LU_IL1bIL6_d0.7,38,LU,IL1bIL6,d0.7,N710:TTAGAA,0,1
LU_d0.7_39,LU_IL1bIL6_d0.7,39,LU,IL1bIL6,d0.7,N710:TTATGT,0,1
LU_d0.7_40,LU_IL1bIL6_d0.7,40,LU,IL1bIL6,d0.7,N710:TTCTAA,0,1
LU_d0.7_41,LU_IL1bIL10_d0.7,41,LU,IL1bIL10,d0.7,N710:TTTAAC,0,1
LU_d0.7_42,LU_IL1bIL10_d0.7,42,LU,IL1bIL10,d0.7,N710:TTTCAA,0,1
LU_d0.7_43,LU_IL1bIL10_d0.7,43,LU,IL1bIL10,d0.7,N710:TTTTCT,0,1
LU_d0.7_44,LU_IL1bIL10_d0.7,44,LU,IL1bIL10,d0.7,N710:ACCGTA,0,1
LU_d0.7_45,LU_IL6IL10_d0.7,45,LU,IL6IL10,d0.7,N710:CAAGCT,0,1
LU_d0.7_46,LU_IL6IL10_d0.7,46,LU,IL6IL10,d0.7,N710:CATGGT,0,1
LU_d0.7_47,LU_IL6IL10_d0.7,47,LU,IL6IL10,d0.7,N710:CGATTG,0,1
LU_d0.7_48,LU_IL6IL10_d0.7,48,LU,IL6IL10,d0.7,N710:GATCGT,0,1
LU_d0.7_49,LU_TNFIL6_d0.7,49,LU,TNFIL6,d0.7,N710:GGCAAT,0,1
LU_d0.7_50,LU_TNFIL6_d0.7,50,LU,TNFIL6,d0.7,N710:GTGACT,0,1
LU_d0.7_51,LU_TNFIL6_d0.7,51,LU,TNFIL6,d0.7,N710:TCGAAG,0,1
LU_d0.7_52,LU_TNFIL6_d0.7,52,LU,TNFIL6,d0.7,N710:TTTGGC,0,1
LU_d0.7_53,LU_TNFIL10_d0.7,53,LU,TNFIL10,d0.7,N710:GGACCA,0,1
LU_d0.7_54,LU_TNFIL10_d0.7,54,LU,TNFIL10,d0.7,N710:ACCGCG,0,1
LU_d0.7_55,LU_TNFIL10_d0.7,55,LU,TNFIL10,d0.7,N710:ACGGCC,0,1
LU_d0.7_56,LU_TNFIL10_d0.7,56,LU,TNFIL10,d0.7,N710:AGCGCC,0,1
LU_d0.7_57,LU_IL18_d0.7,57,LU,IL18,d0.7,N710:AGGGCG,0,1
LU_d0.7_58,LU_IL18_d0.7,58,LU,IL18,d0.7,N710:CACGCG,0,1
LU_d0.7_59,LU_IL18_d0.7,59,LU,IL18,d0.7,N710:CAGGCC,0,1
LU_d0.7_60,LU_IL18_d0.7,60,LU,IL18,d0.7,N710:CCAGGG,0,1
LU_d0.7_61,LU_IFNgIL18_d0.7,61,LU,IFNgIL18,d0.7,N710:CCCCCA,0,1
LU_d0.7_62,LU_IFNgIL18_d0.7,62,LU,IFNgIL18,d0.7,N710:CCCGGA,0,1
LU_d0.7_63,LU_IFNgIL18_d0.7,63,LU,IFNgIL18,d0.7,N710:CCGCGA,0,1
LU_d0.7_64,LU_IFNgIL18_d0.7,64,LU,IFNgIL18,d0.7,N710:CCGGTG,0,1
LU_d0.7_65,LU_IL1bIL18_d0.7,65,LU,IL1bIL18,d0.7,N710:CCTGCG,0,1
LU_d0.7_66,LU_IL1bIL18_d0.7,66,LU,IL1bIL18,d0.7,N710:CGAGCG,0,1
LU_d0.7_67,LU_IL1bIL18_d0.7,67,LU,IL1bIL18,d0.7,N710:CGCCAG,0,1
LU_d0.7_68,LU_IL1bIL18_d0.7,68,LU,IL1bIL18,d0.7,N710:CGCGAC,0,1
LU_d0.7_69,LU_IL6IL18_d0.7,69,LU,IL6IL18,d0.7,N710:CGCTCG,0,1
LU_d0.7_70,LU_IL6IL18_d0.7,70,LU,IL6IL18,d0.7,N710:CGGCAC,0,1
LU_d0.7_71,LU_IL6IL18_d0.7,71,LU,IL6IL18,d0.7,N710:CGGGAG,0,1
LU_d0.7_72,LU_IL6IL18_d0.7,72,LU,IL6IL18,d0.7,N710:CGGTCC,0,1
LU_d0.7_73,LU_IL10IL18_d0.7,73,LU,IL10IL18,d0.7,N710:CGTGCC,0,1
LU_d0.7_74,LU_IL10IL18_d0.7,74,LU,IL10IL18,d0.7,N710:CTCGGG,0,1
LU_d0.7_75,LU_IL10IL18_d0.7,75,LU,IL10IL18,d0.7,N710:GACCCG,0,1
LU_d0.7_76,LU_IL10IL18_d0.7,76,LU,IL10IL18,d0.7,N710:GAGCCC,0,1
LU_d0.7_77,LU_TNFIL18_d0.7,77,LU,TNFIL18,d0.7,N710:GCACCC,0,1
LU_d0.7_78,LU_TNFIL18_d0.7,78,LU,TNFIL18,d0.7,N710:GCCACC,0,1
LU_d0.7_79,LU_TNFIL18_d0.7,79,LU,TNFIL18,d0.7,N710:GCCCGA,1,1
LU_d0.7_80,LU_TNFIL18_d0.7,80,LU,TNFIL18,d0.7,N710:GCCGGT,0,1
LU_d0_81,LU_Control_d0,81,LU,Control,d0,N710:GCGACG,0,1
LU_d0_82,LU_Control_d0,82,LU,Control,d0,N710:GCGCGT,0,1
LU_d0_83,LU_Control_d0,83,LU,Control,d0,N710:GCGGGA,0,1
LU_d0_84,LU_Control_d0,84,LU,Control,d0,N710:GCTCCG,0,1
SP_d0.7_1,SP_IFNg_d0.7,1,SP,IFNg,d0.7,N711:AAAATC,0,1
SP_d0.7_2,SP_IFNg_d0.7,2,SP,IFNg,d0.7,N711:AAATAC,0,1
SP_d0.7_3,SP_IFNg_d0.7,3,SP,IFNg,d0.7,N711:AACAAT,0,1
SP_d0.7_4,SP_IFNg_d0.7,4,SP,IFNg,d0.7,N711:AAGTAT,0,1
SP_d0.7_5,SP_IL1b_d0.7,5,SP,IL1b,d0.7,N711:AATAGT,0,1
SP_d0.7_6,SP_IL1b_d0.7,6,SP,IL1b,d0.7,N711:AATGAT,0,1
SP_d0.7_7,SP_IL1b_d0.7,7,SP,IL1b,d0.7,N711:AATTGA,0,1
SP_d0.7_8,SP_IL1b_d0.7,8,SP,IL1b,d0.7,N711:ACATAA,0,1
SP_d0.7_9,SP_IL6_d0.7,9,SP,IL6,d0.7,N711:ACTTTA,0,1
SP_d0.7_10,SP_IL6_d0.7,10,SP,IL6,d0.7,N711:AGTAAT,0,1
SP_d0.7_11,SP_IL6_d0.7,11,SP,IL6,d0.7,N711:ATAACA,0,1
SP_d0.7_12,SP_IL6_d0.7,12,SP,IL6,d0.7,N711:ATACTT,0,1
SP_d0.7_13,SP_IL10_d0.7,13,SP,IL10,d0.7,N711:ATATCT,0,1
SP_d0.7_14,SP_IL10_d0.7,14,SP,IL10,d0.7,N711:ATCATT,0,1
SP_d0.7_15,SP_IL10_d0.7,15,SP,IL10,d0.7,N711:ATGATA,0,1
SP_d0.7_16,SP_IL10_d0.7,16,SP,IL10,d0.7,N711:ATTAGA,0,1
SP_d0.7_17,SP_TNF_d0.7,17,SP,TNF,d0.7,N711:ATTGAA,0,1
SP_d0.7_18,SP_TNF_d0.7,18,SP,TNF,d0.7,N711:ATTTGT,0,1
SP_d0.7_19,SP_TNF_d0.7,19,SP,TNF,d0.7,N711:CAATAA,0,1
SP_d0.7_20,SP_TNF_d0.7,20,SP,TNF,d0.7,N711:CATTTA,0,1
SP_d0.7_21,SP_IFNgIL1b_d0.7,21,SP,IFNgIL1b,d0.7,N711:CTATTA,0,1
SP_d0.7_22,SP_IFNgIL1b_d0.7,22,SP,IFNgIL1b,d0.7,N711:GAAATT,0,1
SP_d0.7_23,SP_IFNgIL1b_d0.7,23,SP,IFNgIL1b,d0.7,N711:GATATA,1,1
SP_d0.7_24,SP_IFNgIL1b_d0.7,24,SP,IFNgIL1b,d0.7,N711:GTATAA,0,1
SP_d0.7_25,SP_IFNgIL6_d0.7,25,SP,IFNgIL6,d0.7,N711:GTTTTA,0,1
SP_d0.7_26,SP_IFNgIL6_d0.7,26,SP,IFNgIL6,d0.7,N711:TAAATG,0,1
SP_d0.7_27,SP_IFNgIL6_d0.7,27,SP,IFNgIL6,d0.7,N711:TAAGTA,0,1
SP_d0.7_28,SP_IFNgIL6_d0.7,28,SP,IFNgIL6,d0.7,N711:TAATTC,0,1
SP_d0.7_29,SP_IFNgIL10_d0.7,29,SP,IFNgIL10,d0.7,N711:TACTTA,0,1
SP_d0.7_30,SP_IFNgIL10_d0.7,30,SP,IFNgIL10,d0.7,N711:TAGTTT,0,1
SP_d0.7_31,SP_IFNgIL10_d0.7,31,SP,IFNgIL10,d0.7,N711:TATATC,0,1
SP_d0.7_32,SP_IFNgIL10_d0.7,32,SP,IFNgIL10,d0.7,N711:TATGTT,0,1
SP_d0.7_33,SP_TNFIFNg_d0.7,33,SP,TNFIFNg,d0.7,N711:TATTTG,0,1
SP_d0.7_34,SP_TNFIFNg_d0.7,34,SP,TNFIFNg,d0.7,N711:TCATTA,0,1
SP_d0.7_35,SP_TNFIFNg_d0.7,35,SP,TNFIFNg,d0.7,N711:TGAAAT,0,1
SP_d0.7_36,SP_TNFIFNg_d0.7,36,SP,TNFIFNg,d0.7,N711:TGTAAA,0,1
SP_d0.7_37,SP_IL1bIL6_d0.7,37,SP,IL1bIL6,d0.7,N711:TTAAAG,0,1
SP_d0.7_38,SP_IL1bIL6_d0.7,38,SP,IL1bIL6,d0.7,N711:TTACAT,0,1
SP_d0.7_39,SP_IL1bIL6_d0.7,39,SP,IL1bIL6,d0.7,N711:TTATAC,0,1
SP_d0.7_40,SP_IL1bIL6_d0.7,40,SP,IL1bIL6,d0.7,N711:TTCAAT,0,1
SP_d0.7_41,SP_IL1bIL10_d0.7,41,SP,IL1bIL10,d0.7,N711:TTGATT,0,1
SP_d0.7_42,SP_IL1bIL10_d0.7,42,SP,IL1bIL10,d0.7,N711:TTTAGT,0,1
SP_d0.7_43,SP_IL1bIL10_d0.7,43,SP,IL1bIL10,d0.7,N711:TTTGTA,0,1
SP_d0.7_44,SP_IL1bIL10_d0.7,44,SP,IL1bIL10,d0.7,N711:TCTTTC,0,1
SP_d0.7_45,SP_IL6IL10_d0.7,45,SP,IL6IL10,d0.7,N711:AGGGAT,0,1
SP_d0.7_46,SP_IL6IL10_d0.7,46,SP,IL6IL10,d0.7,N711:CAGTCA,0,1
SP_d0.7_47,SP_IL6IL10_d0.7,47,SP,IL6IL10,d0.7,N711:CCGATT,0,1
SP_d0.7_48,SP_IL6IL10_d0.7,48,SP,IL6IL10,d0.7,N711:CTTCTG,0,1
SP_d0.7_49,SP_TNFIL6_d0.7,49,SP,TNFIL6,d0.7,N711:GCTTAC,0,1
SP_d0.7_50,SP_TNFIL6_d0.7,50,SP,TNFIL6,d0.7,N711:GTACAC,0,1
SP_d0.7_51,SP_TNFIL6_d0.7,51,SP,TNFIL6,d0.7,N711:TAGTGG,0,1
SP_d0.7_52,SP_TNFIL6_d0.7,52,SP,TNFIL6,d0.7,N711:TTCCTC,0,1
SP_d0.7_53,SP_TNFIL10_d0.7,53,SP,TNFIL10,d0.7,N711:CCTTCC,0,1
SP_d0.7_54,SP_TNFIL10_d0.7,54,SP,TNFIL10,d0.7,N711:ACCCCC,0,1
SP_d0.7_55,SP_TNFIL10_d0.7,55,SP,TNFIL10,d0.7,N711:ACGCCG,0,1
SP_d0.7_56,SP_TNFIL10_d0.7,56,SP,TNFIL10,d0.7,N711:AGCCCG,0,1
SP_d0.7_57,SP_IL18_d0.7,57,SP,IL18,d0.7,N711:AGGCCC,0,1
SP_d0.7_58,SP_IL18_d0.7,58,SP,IL18,d0.7,N711:CACCCC,0,1
SP_d0.7_59,SP_IL18_d0.7,59,SP,IL18,d0.7,N711:CAGCCG,0,1
SP_d0.7_60,SP_IL18_d0.7,60,SP,IL18,d0.7,N711:CCACCG,1,1
SP_d0.7_61,SP_IFNgIL18_d0.7,61,SP,IFNgIL18,d0.7,N711:CCCAGC,0,1
SP_d0.7_62,SP_IFNgIL18_d0.7,62,SP,IFNgIL18,d0.7,N711:CCCCTG,0,1
SP_d0.7_63,SP_IFNgIL18_d0.7,63,SP,IFNgIL18,d0.7,N711:CCGAGG,0,1
SP_d0.7_64,SP_IFNgIL18_d0.7,64,SP,IFNgIL18,d0.7,N711:CCGGCA,0,1
SP_d0.7_65,SP_IL1bIL18_d0.7,65,SP,IL1bIL18,d0.7,N711:CCGTGC,0,1
SP_d0.7_66,SP_IL1bIL18_d0.7,66,SP,IL1bIL18,d0.7,N711:CGACCC,0,1
SP_d0.7_67,SP_IL1bIL18_d0.7,67,SP,IL1bIL18,d0.7,N711:CGCACC,0,1
SP_d0.7_68,SP_IL1bIL18_d0.7,68,SP,IL1bIL18,d0.7,N711:CGCCGA,0,1
SP_d0.7_69,SP_IL6IL18_d0.7,69,SP,IL6IL18,d0.7,N711:CGCGGT,0,1
SP_d0.7_70,SP_IL6IL18_d0.7,70,SP,IL6IL18,d0.7,N711:CGGACG,0,1
SP_d0.7_71,SP_IL6IL18_d0.7,71,SP,IL6IL18,d0.7,N711:CGGCGT,0,1
SP_d0.7_72,SP_IL6IL18_d0.7,72,SP,IL6IL18,d0.7,N711:CGGGGA,0,1
SP_d0.7_73,SP_IL10IL18_d0.7,73,SP,IL10IL18,d0.7,N711:CGTCCG,0,1
SP_d0.7_74,SP_IL10IL18_d0.7,74,SP,IL10IL18,d0.7,N711:CTCCCG,0,1
SP_d0.7_75,SP_IL10IL18_d0.7,75,SP,IL10IL18,d0.7,N711:CTGGCG,0,1
SP_d0.7_76,SP_IL10IL18_d0.7,76,SP,IL10IL18,d0.7,N711:GACGCC,0,1
SP_d0.7_77,SP_TNFIL18_d0.7,77,SP,TNFIL18,d0.7,N711:GAGGCG,0,1
SP_d0.7_78,SP_TNFIL18_d0.7,78,SP,TNFIL18,d0.7,N711:GCAGCG,0,1
SP_d0.7_79,SP_TNFIL18_d0.7,79,SP,TNFIL18,d0.7,N711:GCCCAG,1,1
SP_d0.7_80,SP_TNFIL18_d0.7,80,SP,TNFIL18,d0.7,N711:GCCGAC,0,1
SP_d0_81,SP_Control_d0,81,SP,Control,d0,N711:GCCTCG,0,1
SP_d0_82,SP_Control_d0,82,SP,Control,d0,N711:GCGCAC,0,1
SP_d0_83,SP_Control_d0,83,SP,Control,d0,N711:GCGGAG,0,1
SP_d0_84,SP_Control_d0,84,SP,Control,d0,N711:GCGTCC,0,1
BM_d0.7_1,BM_IFNg_d0.7,1,BM,IFNg,d0.7,N711:AAACAT,0,1
BM_d0.7_2,BM_IFNg_d0.7,2,BM,IFNg,d0.7,N711:AAATCA,0,1
BM_d0.7_3,BM_IFNg_d0.7,3,BM,IFNg,d0.7,N711:AACATA,0,1
BM_d0.7_4,BM_IFNg_d0.7,4,BM,IFNg,d0.7,N711:AAGTTA,0,1
BM_d0.7_5,BM_IL1b_d0.7,5,BM,IL1b,d0.7,N711:AATATG,0,1
BM_d0.7_6,BM_IL1b_d0.7,6,BM,IL1b,d0.7,N711:AATGTA,0,1
BM_d0.7_7,BM_IL1b_d0.7,7,BM,IL1b,d0.7,N711:AATTTC,0,1
BM_d0.7_8,BM_IL1b_d0.7,8,BM,IL1b,d0.7,N711:ACTAAA,0,1
BM_d0.7_9,BM_IL6_d0.7,9,BM,IL6,d0.7,N711:AGAATT,0,1
BM_d0.7_10,BM_IL6_d0.7,10,BM,IL6,d0.7,N711:AGTATA,0,1
BM_d0.7_11,BM_IL6_d0.7,11,BM,IL6,d0.7,N711:ATAAGT,0,1
BM_d0.7_12,BM_IL6_d0.7,12,BM,IL6,d0.7,N711:ATAGAT,0,1
BM_d0.7_13,BM_IL10_d0.7,13,BM,IL10,d0.7,N711:ATATGA,0,1
BM_d0.7_14,BM_IL10_d0.7,14,BM,IL10,d0.7,N711:ATCTAT,0,1
BM_d0.7_15,BM_IL10_d0.7,15,BM,IL10,d0.7,N711:ATGTAA,0,1
BM_d0.7_16,BM_IL10_d0.7,16,BM,IL10,d0.7,N711:ATTATC,0,1
BM_d0.7_17,BM_TNF_d0.7,17,BM,TNF,d0.7,N711:ATTGTT,0,1
BM_d0.7_18,BM_TNF_d0.7,18,BM,TNF,d0.7,N711:ATTTTG,0,1
BM_d0.7_19,BM_TNF_d0.7,19,BM,TNF,d0.7,N711:CATAAA,0,1
BM_d0.7_20,BM_TNF_d0.7,20,BM,TNF,d0.7,N711:CTAAAA,0,1
BM_d0.7_21,BM_IFNgIL1b_d0.7,21,BM,IFNgIL1b,d0.7,N711:CTTAAT,0,1
BM_d0.7_22,BM_IFNgIL1b_d0.7,22,BM,IFNgIL1b,d0.7,N711:GAATAT,0,1
BM_d0.7_23,BM_IFNgIL1b_d0.7,23,BM,IFNgIL1b,d0.7,N711:GATTAA,0,1
BM_d0.7_24,BM_IFNgIL1b_d0.7,24,BM,IFNgIL1b,d0.7,N711:GTTAAA,0,1
BM_d0.7_25,BM_IFNgIL6_d0.7,25,BM,IFNgIL6,d0.7,N711:TAAAAC,0,1
BM_d0.7_26,BM_IFNgIL6_d0.7,26,BM,IFNgIL6,d0.7,N711:TAACAA,0,1
BM_d0.7_27,BM_IFNgIL6_d0.7,27,BM,IFNgIL6,d0.7,N711:TAATAG,0,1
BM_d0.7_28,BM_IFNgIL6_d0.7,28,BM,IFNgIL6,d0.7,N711:TACAAA,0,1
BM_d0.7_29,BM_IFNgIL10_d0.7,29,BM,IFNgIL10,d0.7,N711:TAGAAT,0,1
BM_d0.7_30,BM_IFNgIL10_d0.7,30,BM,IFNgIL10,d0.7,N711:TATAAG,0,1
BM_d0.7_31,BM_IFNgIL10_d0.7,31,BM,IFNgIL10,d0.7,N711:TATCAT,0,1
BM_d0.7_32,BM_IFNgIL10_d0.7,32,BM,IFNgIL10,d0.7,N711:TATTAC,0,1
BM_d0.7_33,BM_TNFIFNg_d0.7,33,BM,TNFIFNg,d0.7,N711:TCAAAA,0,1
BM_d0.7_34,BM_TNFIFNg_d0.7,34,BM,TNFIFNg,d0.7,N711:TCTAAT,0,1
BM_d0.7_35,BM_TNFIFNg_d0.7,35,BM,TNFIFNg,d0.7,N711:TGAATA,0,1
BM_d0.7_36,BM_TNFIFNg_d0.7,36,BM,TNFIFNg,d0.7,N711:TGTATT,0,1
BM_d0.7_37,BM_IL1bIL6_d0.7,37,BM,IL1bIL6,d0.7,N711:TTAACT,0,1
BM_d0.7_38,BM_IL1bIL6_d0.7,38,BM,IL1bIL6,d0.7,N711:TTACTA,0,1
BM_d0.7_39,BM_IL1bIL6_d0.7,39,BM,IL1bIL6,d0.7,N711:TTATCA,0,1
BM_d0.7_40,BM_IL1bIL6_d0.7,40,BM,IL1bIL6,d0.7,N711:TTCATA,0,1
BM_d0.7_41,BM_IL1bIL10_d0.7,41,BM,IL1bIL10,d0.7,N711:TTGTTA,0,1
BM_d0.7_42,BM_IL1bIL10_d0.7,42,BM,IL1bIL10,d0.7,N711:TTTATG,0,1
BM_d0.7_43,BM_IL1bIL10_d0.7,43,BM,IL1bIL10,d0.7,N711:TTTTAG,0,1
BM_d0.7_44,BM_IL1bIL10_d0.7,44,BM,IL1bIL10,d0.7,N711:TTGGAT,0,1
BM_d0.7_45,BM_IL6IL10_d0.7,45,BM,IL6IL10,d0.7,N711:ATCGAG,0,1
BM_d0.7_46,BM_IL6IL10_d0.7,46,BM,IL6IL10,d0.7,N711:CATCAG,0,1
BM_d0.7_47,BM_IL6IL10_d0.7,47,BM,IL6IL10,d0.7,N711:CGACTT,0,1
BM_d0.7_48,BM_IL6IL10_d0.7,48,BM,IL6IL10,d0.7,N711:GAAGAC,0,1
BM_d0.7_49,BM_TNFIL6_d0.7,49,BM,TNFIL6,d0.7,N711:GGACAT,0,1
BM_d0.7_50,BM_TNFIL6_d0.7,50,BM,TNFIL6,d0.7,N711:GTCAAG,0,1
BM_d0.7_51,BM_TNFIL6_d0.7,51,BM,TNFIL6,d0.7,N711:TCCAAC,0,1
BM_d0.7_52,BM_TNFIL6_d0.7,52,BM,TNFIL6,d0.7,N711:TTGTCC,0,1
BM_d0.7_53,BM_TNFIL10_d0.7,53,BM,TNFIL10,d0.7,N711:CTCTCC,0,1
BM_d0.7_54,BM_TNFIL10_d0.7,54,BM,TNFIL10,d0.7,N711:ACCCGG,0,1
BM_d0.7_55,BM_TNFIL10_d0.7,55,BM,TNFIL10,d0.7,N711:ACGCGC,0,1
BM_d0.7_56,BM_TNFIL10_d0.7,56,BM,TNFIL10,d0.7,N711:AGCCGC,0,1
BM_d0.7_57,BM_IL18_d0.7,57,BM,IL18,d0.7,N711:AGGCGG,0,1
BM_d0.7_58,BM_IL18_d0.7,58,BM,IL18,d0.7,N711:CACCGG,0,1
BM_d0.7_59,BM_IL18_d0.7,59,BM,IL18,d0.7,N711:CAGCGC,0,1
BM_d0.7_60,BM_IL18_d0.7,60,BM,IL18,d0.7,N711:CCACGC,0,1
BM_d0.7_61,BM_IFNgIL18_d0.7,61,BM,IFNgIL18,d0.7,N711:CCCCAC,0,1
BM_d0.7_62,BM_IFNgIL18_d0.7,62,BM,IFNgIL18,d0.7,N711:CCCGAG,0,1
BM_d0.7_63,BM_IFNgIL18_d0.7,63,BM,IFNgIL18,d0.7,N711:CCGCAG,0,1
BM_d0.7_64,BM_IFNgIL18_d0.7,64,BM,IFNgIL18,d0.7,N711:CCGGGT,0,1
BM_d0.7_65,BM_IL1bIL18_d0.7,65,BM,IL1bIL18,d0.7,N711:CCTCGG,0,1
BM_d0.7_66,BM_IL1bIL18_d0.7,66,BM,IL1bIL18,d0.7,N711:CGACGG,0,1
BM_d0.7_67,BM_IL1bIL18_d0.7,67,BM,IL1bIL18,d0.7,N711:CGCAGG,0,1
BM_d0.7_68,BM_IL1bIL18_d0.7,68,BM,IL1bIL18,d0.7,N711:CGCCTC,0,1
BM_d0.7_69,BM_IL6IL18_d0.7,69,BM,IL6IL18,d0.7,N711:CGCGTG,0,1
BM_d0.7_70,BM_IL6IL18_d0.7,70,BM,IL6IL18,d0.7,N711:CGGAGC,0,1
BM_d0.7_71,BM_IL6IL18_d0.7,71,BM,IL6IL18,d0.7,N711:CGGCTG,0,1
BM_d0.7_72,BM_IL6IL18_d0.7,72,BM,IL6IL18,d0.7,N711:CGGGTC,0,1
BM_d0.7_73,BM_IL10IL18_d0.7,73,BM,IL10IL18,d0.7,N711:CGTCGC,0,1
BM_d0.7_74,BM_IL10IL18_d0.7,74,BM,IL10IL18,d0.7,N711:CTCCGC,0,1
BM_d0.7_75,BM_IL10IL18_d0.7,75,BM,IL10IL18,d0.7,N711:CTGGGC,0,1
BM_d0.7_76,BM_IL10IL18_d0.7,76,BM,IL10IL18,d0.7,N711:GACGGG,0,1
BM_d0.7_77,BM_TNFIL18_d0.7,77,BM,TNFIL18,d0.7,N711:GAGGGC,0,1
BM_d0.7_78,BM_TNFIL18_d0.7,78,BM,TNFIL18,d0.7,N711:GCAGGC,0,1
BM_d0.7_79,BM_TNFIL18_d0.7,79,BM,TNFIL18,d0.7,N711:GCCCCT,1,1
BM_d0.7_80,BM_TNFIL18_d0.7,80,BM,TNFIL18,d0.7,N711:GCCGCA,0,1
BM_d0_81,BM_Control_d0,81,BM,Control,d0,N711:GCCTGC,0,1
BM_d0_82,BM_Control_d0,82,BM,Control,d0,N711:GCGCCA,0,1
BM_d0_83,BM_Control_d0,83,BM,Control,d0,N711:GCGGCT,0,1
BM_d0_84,BM_Control_d0,84,BM,Control,d0,N711:GCGTGG,0,1
iLN_d0.7_1,iLN_IFNg_d0.7,1,iLN,IFNg,d0.7,N711:AAACTA,0,1
iLN_d0.7_2,iLN_IFNg_d0.7,2,iLN,IFNg,d0.7,N711:AAATGT,0,1
iLN_d0.7_3,iLN_IFNg_d0.7,3,iLN,IFNg,d0.7,N711:AACTAA,0,1
iLN_d0.7_4,iLN_IFNg_d0.7,4,iLN,IFNg,d0.7,N711:AATAAC,0,1
iLN_d0.7_5,iLN_IL1b_d0.7,5,iLN,IL1b,d0.7,N711:AATCAA,0,1
iLN_d0.7_6,iLN_IL1b_d0.7,6,iLN,IL1b,d0.7,N711:AATTAG,0,1
iLN_d0.7_7,iLN_IL1b_d0.7,7,iLN,IL1b,d0.7,N711:ACAAAT,0,1
iLN_d0.7_8,iLN_IL1b_d0.7,8,iLN,IL1b,d0.7,N711:ACTATT,0,1
iLN_d0.7_9,iLN_IL6_d0.7,9,iLN,IL6,d0.7,N711:AGATAT,0,1
iLN_d0.7_10,iLN_IL6_d0.7,10,iLN,IL6,d0.7,N711:AGTTAA,0,1
iLN_d0.7_11,iLN_IL6_d0.7,11,iLN,IL6,d0.7,N711:ATAATG,0,1
iLN_d0.7_12,iLN_IL6_d0.7,12,iLN,IL6,d0.7,N711:ATAGTA,0,1
iLN_d0.7_13,iLN_IL10_d0.7,13,iLN,IL10,d0.7,N711:ATATTC,0,1
iLN_d0.7_14,iLN_IL10_d0.7,14,iLN,IL10,d0.7,N711:ATCTTA,0,1
iLN_d0.7_15,iLN_IL10_d0.7,15,iLN,IL10,d0.7,N711:ATTAAG,0,1
iLN_d0.7_16,iLN_IL10_d0.7,16,iLN,IL10,d0.7,N711:ATTCAT,0,1
iLN_d0.7_17,iLN_TNF_d0.7,17,iLN,TNF,d0.7,N711:ATTTAC,0,1
iLN_d0.7_18,iLN_TNF_d0.7,18,iLN,TNF,d0.7,N711:CAAAAT,0,1
iLN_d0.7_19,iLN_TNF_d0.7,19,iLN,TNF,d0.7,N711:CATATT,0,1
iLN_d0.7_20,iLN_TNF_d0.7,20,iLN,TNF,d0.7,N711:CTAATT,0,1
iLN_d0.7_21,iLN_IFNgIL1b_d0.7,21,iLN,IFNgIL1b,d0.7,N711:CTTATA,0,1
iLN_d0.7_22,iLN_IFNgIL1b_d0.7,22,iLN,IFNgIL1b,d0.7,N711:GAATTA,0,1
iLN_d0.7_23,iLN_IFNgIL1b_d0.7,23,iLN,IFNgIL1b,d0.7,N711:GTAAAT,0,1
iLN_d0.7_24,iLN_IFNgIL1b_d0.7,24,iLN,IFNgIL1b,d0.7,N711:GTTATT,0,1
iLN_d0.7_25,iLN_IFNgIL6_d0.7,25,iLN,IFNgIL6,d0.7,N711:TAAACA,0,1
iLN_d0.7_26,iLN_IFNgIL6_d0.7,26,iLN,IFNgIL6,d0.7,N711:TAACTT,0,1
iLN_d0.7_27,iLN_IFNgIL6_d0.7,27,iLN,IFNgIL6,d0.7,N711:TAATCT,0,1
iLN_d0.7_28,iLN_IFNgIL6_d0.7,28,iLN,IFNgIL6,d0.7,N711:TACATT,0,1
iLN_d0.7_29,iLN_IFNgIL10_d0.7,29,iLN,IFNgIL10,d0.7,N711:TAGATA,0,1
iLN_d0.7_30,iLN_IFNgIL10_d0.7,30,iLN,IFNgIL10,d0.7,N711:TATACT,0,1
iLN_d0.7_31,iLN_IFNgIL10_d0.7,31,iLN,IFNgIL10,d0.7,N711:TATCTA,0,1
iLN_d0.7_32,iLN_IFNgIL10_d0.7,32,iLN,IFNgIL10,d0.7,N711:TATTCA,0,1
iLN_d0.7_33,iLN_TNFIFNg_d0.7,33,iLN,TNFIFNg,d0.7,N711:TCAATT,0,1
iLN_d0.7_34,iLN_TNFIFNg_d0.7,34,iLN,TNFIFNg,d0.7,N711:TCTATA,0,1
iLN_d0.7_35,iLN_TNFIFNg_d0.7,35,iLN,TNFIFNg,d0.7,N711:TGATAA,0,1
iLN_d0.7_36,iLN_TNFIFNg_d0.7,36,iLN,TNFIFNg,d0.7,N711:TGTTAT,0,1
iLN_d0.7_37,iLN_IL1bIL6_d0.7,37,iLN,IL1bIL6,d0.7,N711:TTAAGA,0,1
iLN_d0.7_38,iLN_IL1bIL6_d0.7,38,iLN,IL1bIL6,d0.7,N711:TTAGAA,0,1
iLN_d0.7_39,iLN_IL1bIL6_d0.7,39,iLN,IL1bIL6,d0.7,N711:TTATGT,0,1
iLN_d0.7_40,iLN_IL1bIL6_d0.7,40,iLN,IL1bIL6,d0.7,N711:TTCTAA,0,1
iLN_d0.7_41,iLN_IL1bIL10_d0.7,41,iLN,IL1bIL10,d0.7,N711:TTTAAC,0,1
iLN_d0.7_42,iLN_IL1bIL10_d0.7,42,iLN,IL1bIL10,d0.7,N711:TTTCAA,0,1
iLN_d0.7_43,iLN_IL1bIL10_d0.7,43,iLN,IL1bIL10,d0.7,N711:TTTTCT,0,1
iLN_d0.7_44,iLN_IL1bIL10_d0.7,44,iLN,IL1bIL10,d0.7,N711:ACCGTA,0,1
iLN_d0.7_45,iLN_IL6IL10_d0.7,45,iLN,IL6IL10,d0.7,N711:CAAGCT,0,1
iLN_d0.7_46,iLN_IL6IL10_d0.7,46,iLN,IL6IL10,d0.7,N711:CATGGT,0,1
iLN_d0.7_47,iLN_IL6IL10_d0.7,47,iLN,IL6IL10,d0.7,N711:CGATTG,0,1
iLN_d0.7_48,iLN_IL6IL10_d0.7,48,iLN,IL6IL10,d0.7,N711:GATCGT,0,1
iLN_d0.7_49,iLN_TNFIL6_d0.7,49,iLN,TNFIL6,d0.7,N711:GGCAAT,0,1
iLN_d0.7_50,iLN_TNFIL6_d0.7,50,iLN,TNFIL6,d0.7,N711:GTGACT,0,1
iLN_d0.7_51,iLN_TNFIL6_d0.7,51,iLN,TNFIL6,d0.7,N711:TCGAAG,0,1
iLN_d0.7_52,iLN_TNFIL6_d0.7,52,iLN,TNFIL6,d0.7,N711:TTTGGC,0,1
iLN_d0.7_53,iLN_TNFIL10_d0.7,53,iLN,TNFIL10,d0.7,N711:GGACCA,0,1
iLN_d0.7_54,iLN_TNFIL10_d0.7,54,iLN,TNFIL10,d0.7,N711:ACCGCG,0,1
iLN_d0.7_55,iLN_TNFIL10_d0.7,55,iLN,TNFIL10,d0.7,N711:ACGGCC,0,1
iLN_d0.7_56,iLN_TNFIL10_d0.7,56,iLN,TNFIL10,d0.7,N711:AGCGCC,0,1
iLN_d0.7_57,iLN_IL18_d0.7,57,iLN,IL18,d0.7,N711:AGGGCG,0,1
iLN_d0.7_58,iLN_IL18_d0.7,58,iLN,IL18,d0.7,N711:CACGCG,0,1
iLN_d0.7_59,iLN_IL18_d0.7,59,iLN,IL18,d0.7,N711:CAGGCC,0,1
iLN_d0.7_60,iLN_IL18_d0.7,60,iLN,IL18,d0.7,N711:CCAGGG,0,1
iLN_d0.7_61,iLN_IFNgIL18_d0.7,61,iLN,IFNgIL18,d0.7,N711:CCCCCA,0,1
iLN_d0.7_62,iLN_IFNgIL18_d0.7,62,iLN,IFNgIL18,d0.7,N711:CCCGGA,0,1
iLN_d0.7_63,iLN_IFNgIL18_d0.7,63,iLN,IFNgIL18,d0.7,N711:CCGCGA,0,1
iLN_d0.7_64,iLN_IFNgIL18_d0.7,64,iLN,IFNgIL18,d0.7,N711:CCGGTG,0,1
iLN_d0.7_65,iLN_IL1bIL18_d0.7,65,iLN,IL1bIL18,d0.7,N711:CCTGCG,0,1
iLN_d0.7_66,iLN_IL1bIL18_d0.7,66,iLN,IL1bIL18,d0.7,N711:CGAGCG,0,1
iLN_d0.7_67,iLN_IL1bIL18_d0.7,67,iLN,IL1bIL18,d0.7,N711:CGCCAG,0,1
iLN_d0.7_68,iLN_IL1bIL18_d0.7,68,iLN,IL1bIL18,d0.7,N711:CGCGAC,0,1
iLN_d0.7_69,iLN_IL6IL18_d0.7,69,iLN,IL6IL18,d0.7,N711:CGCTCG,0,1
iLN_d0.7_70,iLN_IL6IL18_d0.7,70,iLN,IL6IL18,d0.7,N711:CGGCAC,0,1
iLN_d0.7_71,iLN_IL6IL18_d0.7,71,iLN,IL6IL18,d0.7,N711:CGGGAG,0,1
iLN_d0.7_72,iLN_IL6IL18_d0.7,72,iLN,IL6IL18,d0.7,N711:CGGTCC,0,1
iLN_d0.7_73,iLN_IL10IL18_d0.7,73,iLN,IL10IL18,d0.7,N711:CGTGCC,0,1
iLN_d0.7_74,iLN_IL10IL18_d0.7,74,iLN,IL10IL18,d0.7,N711:CTCGGG,0,1
iLN_d0.7_75,iLN_IL10IL18_d0.7,75,iLN,IL10IL18,d0.7,N711:GACCCG,0,1
iLN_d0.7_76,iLN_IL10IL18_d0.7,76,iLN,IL10IL18,d0.7,N711:GAGCCC,0,1
iLN_d0.7_77,iLN_TNFIL18_d0.7,77,iLN,TNFIL18,d0.7,N711:GCACCC,0,1
iLN_d0.7_78,iLN_TNFIL18_d0.7,78,iLN,TNFIL18,d0.7,N711:GCCACC,0,1
iLN_d0.7_79,iLN_TNFIL18_d0.7,79,iLN,TNFIL18,d0.7,N711:GCCCGA,1,1
iLN_d0.7_80,iLN_TNFIL18_d0.7,80,iLN,TNFIL18,d0.7,N711:GCCGGT,0,1
iLN_d0_81,iLN_Control_d0,81,iLN,Control,d0,N711:GCGACG,0,1
iLN_d0_82,iLN_Control_d0,82,iLN,Control,d0,N711:GCGCGT,0,1
iLN_d0_83,iLN_Control_d0,83,iLN,Control,d0,N711:GCGGGA,0,1
iLN_d0_84,iLN_Control_d0,84,iLN,Control,d0,N711:GCTCCG,0,1
TH_d0.7_1,TH_IFNg_d0.7,1,TH,IFNg,d0.7,N712:AAAATC,0,1
TH_d0.7_2,TH_IFNg_d0.7,2,TH,IFNg,d0.7,N712:AAATAC,0,1
TH_d0.7_3,TH_IFNg_d0.7,3,TH,IFNg,d0.7,N712:AACAAT,0,1
TH_d0.7_4,TH_IFNg_d0.7,4,TH,IFNg,d0.7,N712:AAGTAT,0,1
TH_d0.7_5,TH_IL1b_d0.7,5,TH,IL1b,d0.7,N712:AATAGT,0,1
TH_d0.7_6,TH_IL1b_d0.7,6,TH,IL1b,d0.7,N712:AATGAT,0,1
TH_d0.7_7,TH_IL1b_d0.7,7,TH,IL1b,d0.7,N712:AATTGA,0,1
TH_d0.7_8,TH_IL1b_d0.7,8,TH,IL1b,d0.7,N712:ACATAA,0,1
TH_d0.7_9,TH_IL6_d0.7,9,TH,IL6,d0.7,N712:ACTTTA,0,1
TH_d0.7_10,TH_IL6_d0.7,10,TH,IL6,d0.7,N712:AGTAAT,0,1
TH_d0.7_11,TH_IL6_d0.7,11,TH,IL6,d0.7,N712:ATAACA,0,1
TH_d0.7_12,TH_IL6_d0.7,12,TH,IL6,d0.7,N712:ATACTT,0,1
TH_d0.7_13,TH_IL10_d0.7,13,TH,IL10,d0.7,N712:ATATCT,0,1
TH_d0.7_14,TH_IL10_d0.7,14,TH,IL10,d0.7,N712:ATCATT,0,1
TH_d0.7_15,TH_IL10_d0.7,15,TH,IL10,d0.7,N712:ATGATA,0,1
TH_d0.7_16,TH_IL10_d0.7,16,TH,IL10,d0.7,N712:ATTAGA,0,1
TH_d0.7_17,TH_TNF_d0.7,17,TH,TNF,d0.7,N712:ATTGAA,0,1
TH_d0.7_18,TH_TNF_d0.7,18,TH,TNF,d0.7,N712:ATTTGT,0,1
TH_d0.7_19,TH_TNF_d0.7,19,TH,TNF,d0.7,N712:CAATAA,1,1
TH_d0.7_20,TH_TNF_d0.7,20,TH,TNF,d0.7,N712:CATTTA,0,1
TH_d0.7_21,TH_IFNgIL1b_d0.7,21,TH,IFNgIL1b,d0.7,N712:CTATTA,0,1
TH_d0.7_22,TH_IFNgIL1b_d0.7,22,TH,IFNgIL1b,d0.7,N712:GAAATT,0,1
TH_d0.7_23,TH_IFNgIL1b_d0.7,23,TH,IFNgIL1b,d0.7,N712:GATATA,1,1
TH_d0.7_24,TH_IFNgIL1b_d0.7,24,TH,IFNgIL1b,d0.7,N712:GTATAA,0,1
TH_d0.7_25,TH_IFNgIL6_d0.7,25,TH,IFNgIL6,d0.7,N712:GTTTTA,0,1
TH_d0.7_26,TH_IFNgIL6_d0.7,26,TH,IFNgIL6,d0.7,N712:TAAATG,0,1
TH_d0.7_27,TH_IFNgIL6_d0.7,27,TH,IFNgIL6,d0.7,N712:TAAGTA,0,1
TH_d0.7_28,TH_IFNgIL6_d0.7,28,TH,IFNgIL6,d0.7,N712:TAATTC,0,1
TH_d0.7_29,TH_IFNgIL10_d0.7,29,TH,IFNgIL10,d0.7,N712:TACTTA,0,1
TH_d0.7_30,TH_IFNgIL10_d0.7,30,TH,IFNgIL10,d0.7,N712:TAGTTT,0,1
TH_d0.7_31,TH_IFNgIL10_d0.7,31,TH,IFNgIL10,d0.7,N712:TATATC,0,1
TH_d0.7_32,TH_IFNgIL10_d0.7,32,TH,IFNgIL10,d0.7,N712:TATGTT,0,1
TH_d0.7_33,TH_TNFIFNg_d0.7,33,TH,TNFIFNg,d0.7,N712:TATTTG,0,1
TH_d0.7_34,TH_TNFIFNg_d0.7,34,TH,TNFIFNg,d0.7,N712:TCATTA,1,1
TH_d0.7_35,TH_TNFIFNg_d0.7,35,TH,TNFIFNg,d0.7,N712:TGAAAT,0,1
TH_d0.7_36,TH_TNFIFNg_d0.7,36,TH,TNFIFNg,d0.7,N712:TGTAAA,0,1
TH_d0.7_37,TH_IL1bIL6_d0.7,37,TH,IL1bIL6,d0.7,N712:TTAAAG,0,1
TH_d0.7_38,TH_IL1bIL6_d0.7,38,TH,IL1bIL6,d0.7,N712:TTACAT,0,1
TH_d0.7_39,TH_IL1bIL6_d0.7,39,TH,IL1bIL6,d0.7,N712:TTATAC,0,1
TH_d0.7_40,TH_IL1bIL6_d0.7,40,TH,IL1bIL6,d0.7,N712:TTCAAT,0,1
TH_d0.7_41,TH_IL1bIL10_d0.7,41,TH,IL1bIL10,d0.7,N712:TTGATT,0,1
TH_d0.7_42,TH_IL1bIL10_d0.7,42,TH,IL1bIL10,d0.7,N712:TTTAGT,0,1
TH_d0.7_43,TH_IL1bIL10_d0.7,43,TH,IL1bIL10,d0.7,N712:TTTGTA,0,1
TH_d0.7_44,TH_IL1bIL10_d0.7,44,TH,IL1bIL10,d0.7,N712:TCTTTC,0,1
TH_d0.7_45,TH_IL6IL10_d0.7,45,TH,IL6IL10,d0.7,N712:AGGGAT,0,1
TH_d0.7_46,TH_IL6IL10_d0.7,46,TH,IL6IL10,d0.7,N712:CAGTCA,0,1
TH_d0.7_47,TH_IL6IL10_d0.7,47,TH,IL6IL10,d0.7,N712:CCGATT,0,1
TH_d0.7_48,TH_IL6IL10_d0.7,48,TH,IL6IL10,d0.7,N712:CTTCTG,0,1
TH_d0.7_49,TH_TNFIL6_d0.7,49,TH,TNFIL6,d0.7,N712:GCTTAC,0,1
TH_d0.7_50,TH_TNFIL6_d0.7,50,TH,TNFIL6,d0.7,N712:GTACAC,0,1
TH_d0.7_51,TH_TNFIL6_d0.7,51,TH,TNFIL6,d0.7,N712:TAGTGG,0,1
TH_d0.7_52,TH_TNFIL6_d0.7,52,TH,TNFIL6,d0.7,N712:TTCCTC,0,1
TH_d0.7_53,TH_TNFIL10_d0.7,53,TH,TNFIL10,d0.7,N712:CCTTCC,0,1
TH_d0.7_54,TH_TNFIL10_d0.7,54,TH,TNFIL10,d0.7,N712:ACCCCC,0,1
TH_d0.7_55,TH_TNFIL10_d0.7,55,TH,TNFIL10,d0.7,N712:ACGCCG,0,1
TH_d0.7_56,TH_TNFIL10_d0.7,56,TH,TNFIL10,d0.7,N712:AGCCCG,1,1
TH_d0.7_57,TH_IL18_d0.7,57,TH,IL18,d0.7,N712:AGGCCC,0,1
TH_d0.7_58,TH_IL18_d0.7,58,TH,IL18,d0.7,N712:CACCCC,0,1
TH_d0.7_59,TH_IL18_d0.7,59,TH,IL18,d0.7,N712:CAGCCG,0,1
TH_d0.7_60,TH_IL18_d0.7,60,TH,IL18,d0.7,N712:CCACCG,0,1
TH_d0.7_61,TH_IFNgIL18_d0.7,61,TH,IFNgIL18,d0.7,N712:CCCAGC,0,1
TH_d0.7_62,TH_IFNgIL18_d0.7,62,TH,IFNgIL18,d0.7,N712:CCCCTG,0,1
TH_d0.7_63,TH_IFNgIL18_d0.7,63,TH,IFNgIL18,d0.7,N712:CCGAGG,0,1
TH_d0.7_64,TH_IFNgIL18_d0.7,64,TH,IFNgIL18,d0.7,N712:CCGGCA,0,1
TH_d0.7_65,TH_IL1bIL18_d0.7,65,TH,IL1bIL18,d0.7,N712:CCGTGC,0,1
TH_d0.7_66,TH_IL1bIL18_d0.7,66,TH,IL1bIL18,d0.7,N712:CGACCC,0,1
TH_d0.7_67,TH_IL1bIL18_d0.7,67,TH,IL1bIL18,d0.7,N712:CGCACC,0,1
TH_d0.7_68,TH_IL1bIL18_d0.7,68,TH,IL1bIL18,d0.7,N712:CGCCGA,0,1
TH_d0.7_69,TH_IL6IL18_d0.7,69,TH,IL6IL18,d0.7,N712:CGCGGT,0,1
TH_d0.7_70,TH_IL6IL18_d0.7,70,TH,IL6IL18,d0.7,N712:CGGACG,0,1
TH_d0.7_71,TH_IL6IL18_d0.7,71,TH,IL6IL18,d0.7,N712:CGGCGT,0,1
TH_d0.7_72,TH_IL6IL18_d0.7,72,TH,IL6IL18,d0.7,N712:CGGGGA,0,1
TH_d0.7_73,TH_IL10IL18_d0.7,73,TH,IL10IL18,d0.7,N712:CGTCCG,0,1
TH_d0.7_74,TH_IL10IL18_d0.7,74,TH,IL10IL18,d0.7,N712:CTCCCG,0,1
TH_d0.7_75,TH_IL10IL18_d0.7,75,TH,IL10IL18,d0.7,N712:CTGGCG,0,1
TH_d0.7_76,TH_IL10IL18_d0.7,76,TH,IL10IL18,d0.7,N712:GACGCC,0,1
TH_d0.7_77,TH_TNFIL18_d0.7,77,TH,TNFIL18,d0.7,N712:GAGGCG,0,1
TH_d0.7_78,TH_TNFIL18_d0.7,78,TH,TNFIL18,d0.7,N712:GCAGCG,0,1
TH_d0.7_79,TH_TNFIL18_d0.7,79,TH,TNFIL18,d0.7,N712:GCCCAG,1,1
TH_d0.7_80,TH_TNFIL18_d0.7,80,TH,TNFIL18,d0.7,N712:GCCGAC,0,1
TH_d0_81,TH_Control_d0,81,TH,Control,d0,N712:GCCTCG,0,1
TH_d0_82,TH_Control_d0,82,TH,Control,d0,N712:GCGCAC,0,1
TH_d0_83,TH_Control_d0,83,TH,Control,d0,N712:GCGGAG,0,1
TH_d0_84,TH_Control_d0,84,TH,Control,d0,N712:GCGTCC,0,1
LI_d0.7_1,LI_IFNg_d0.7,1,LI,IFNg,d0.7,N712:AAACAT,0,1
LI_d0.7_2,LI_IFNg_d0.7,2,LI,IFNg,d0.7,N712:AAATCA,0,1
LI_d0.7_3,LI_IFNg_d0.7,3,LI,IFNg,d0.7,N712:AACATA,0,1
LI_d0.7_4,LI_IFNg_d0.7,4,LI,IFNg,d0.7,N712:AAGTTA,0,1
LI_d0.7_5,LI_IL1b_d0.7,5,LI,IL1b,d0.7,N712:AATATG,0,1
LI_d0.7_6,LI_IL1b_d0.7,6,LI,IL1b,d0.7,N712:AATGTA,1,1
LI_d0.7_7,LI_IL1b_d0.7,7,LI,IL1b,d0.7,N712:AATTTC,0,1
LI_d0.7_8,LI_IL1b_d0.7,8,LI,IL1b,d0.7,N712:ACTAAA,0,1
LI_d0.7_9,LI_IL6_d0.7,9,LI,IL6,d0.7,N712:AGAATT,0,1
LI_d0.7_10,LI_IL6_d0.7,10,LI,IL6,d0.7,N712:AGTATA,0,1
LI_d0.7_11,LI_IL6_d0.7,11,LI,IL6,d0.7,N712:ATAAGT,0,1
LI_d0.7_12,LI_IL6_d0.7,12,LI,IL6,d0.7,N712:ATAGAT,0,1
LI_d0.7_13,LI_IL10_d0.7,13,LI,IL10,d0.7,N712:ATATGA,0,1
LI_d0.7_14,LI_IL10_d0.7,14,LI,IL10,d0.7,N712:ATCTAT,0,1
LI_d0.7_15,LI_IL10_d0.7,15,LI,IL10,d0.7,N712:ATGTAA,0,1
LI_d0.7_16,LI_IL10_d0.7,16,LI,IL10,d0.7,N712:ATTATC,0,1
LI_d0.7_17,LI_TNF_d0.7,17,LI,TNF,d0.7,N712:ATTGTT,0,1
LI_d0.7_18,LI_TNF_d0.7,18,LI,TNF,d0.7,N712:ATTTTG,0,1
LI_d0.7_19,LI_TNF_d0.7,19,LI,TNF,d0.7,N712:CATAAA,0,1
LI_d0.7_20,LI_TNF_d0.7,20,LI,TNF,d0.7,N712:CTAAAA,0,1
LI_d0.7_21,LI_IFNgIL1b_d0.7,21,LI,IFNgIL1b,d0.7,N712:CTTAAT,0,1
LI_d0.7_22,LI_IFNgIL1b_d0.7,22,LI,IFNgIL1b,d0.7,N712:GAATAT,0,1
LI_d0.7_23,LI_IFNgIL1b_d0.7,23,LI,IFNgIL1b,d0.7,N712:GATTAA,0,1
LI_d0.7_24,LI_IFNgIL1b_d0.7,24,LI,IFNgIL1b,d0.7,N712:GTTAAA,0,1
LI_d0.7_25,LI_IFNgIL6_d0.7,25,LI,IFNgIL6,d0.7,N712:TAAAAC,0,1
LI_d0.7_26,LI_IFNgIL6_d0.7,26,LI,IFNgIL6,d0.7,N712:TAACAA,0,1
LI_d0.7_27,LI_IFNgIL6_d0.7,27,LI,IFNgIL6,d0.7,N712:TAATAG,0,1
LI_d0.7_28,LI_IFNgIL6_d0.7,28,LI,IFNgIL6,d0.7,N712:TACAAA,0,1
LI_d0.7_29,LI_IFNgIL10_d0.7,29,LI,IFNgIL10,d0.7,N712:TAGAAT,0,1
LI_d0.7_30,LI_IFNgIL10_d0.7,30,LI,IFNgIL10,d0.7,N712:TATAAG,0,1
LI_d0.7_31,LI_IFNgIL10_d0.7,31,LI,IFNgIL10,d0.7,N712:TATCAT,0,1
LI_d0.7_32,LI_IFNgIL10_d0.7,32,LI,IFNgIL10,d0.7,N712:TATTAC,0,1
LI_d0.7_33,LI_TNFIFNg_d0.7,33,LI,TNFIFNg,d0.7,N712:TCAAAA,0,1
LI_d0.7_34,LI_TNFIFNg_d0.7,34,LI,TNFIFNg,d0.7,N712:TCTAAT,0,1
LI_d0.7_35,LI_TNFIFNg_d0.7,35,LI,TNFIFNg,d0.7,N712:TGAATA,0,1
LI_d0.7_36,LI_TNFIFNg_d0.7,36,LI,TNFIFNg,d0.7,N712:TGTATT,0,1
LI_d0.7_37,LI_IL1bIL6_d0.7,37,LI,IL1bIL6,d0.7,N712:TTAACT,0,1
LI_d0.7_38,LI_IL1bIL6_d0.7,38,LI,IL1bIL6,d0.7,N712:TTACTA,0,1
LI_d0.7_39,LI_IL1bIL6_d0.7,39,LI,IL1bIL6,d0.7,N712:TTATCA,0,1
LI_d0.7_40,LI_IL1bIL6_d0.7,40,LI,IL1bIL6,d0.7,N712:TTCATA,0,1
LI_d0.7_41,LI_IL1bIL10_d0.7,41,LI,IL1bIL10,d0.7,N712:TTGTTA,0,1
LI_d0.7_42,LI_IL1bIL10_d0.7,42,LI,IL1bIL10,d0.7,N712:TTTATG,0,1
LI_d0.7_43,LI_IL1bIL10_d0.7,43,LI,IL1bIL10,d0.7,N712:TTTTAG,0,1
LI_d0.7_44,LI_IL1bIL10_d0.7,44,LI,IL1bIL10,d0.7,N712:TTGGAT,0,1
LI_d0.7_45,LI_IL6IL10_d0.7,45,LI,IL6IL10,d0.7,N712:ATCGAG,0,1
LI_d0.7_46,LI_IL6IL10_d0.7,46,LI,IL6IL10,d0.7,N712:CATCAG,0,1
LI_d0.7_47,LI_IL6IL10_d0.7,47,LI,IL6IL10,d0.7,N712:CGACTT,0,1
LI_d0.7_48,LI_IL6IL10_d0.7,48,LI,IL6IL10,d0.7,N712:GAAGAC,0,1
LI_d0.7_49,LI_TNFIL6_d0.7,49,LI,TNFIL6,d0.7,N712:GGACAT,0,1
LI_d0.7_50,LI_TNFIL6_d0.7,50,LI,TNFIL6,d0.7,N712:GTCAAG,0,1
LI_d0.7_51,LI_TNFIL6_d0.7,51,LI,TNFIL6,d0.7,N712:TCCAAC,0,1
LI_d0.7_52,LI_TNFIL6_d0.7,52,LI,TNFIL6,d0.7,N712:TTGTCC,0,1
LI_d0.7_53,LI_TNFIL10_d0.7,53,LI,TNFIL10,d0.7,N712:CTCTCC,0,1
LI_d0.7_54,LI_TNFIL10_d0.7,54,LI,TNFIL10,d0.7,N712:ACCCGG,0,1
LI_d0.7_55,LI_TNFIL10_d0.7,55,LI,TNFIL10,d0.7,N712:ACGCGC,0,1
LI_d0.7_56,LI_TNFIL10_d0.7,56,LI,TNFIL10,d0.7,N712:AGCCGC,0,1
LI_d0.7_57,LI_IL18_d0.7,57,LI,IL18,d0.7,N712:AGGCGG,0,1
LI_d0.7_58,LI_IL18_d0.7,58,LI,IL18,d0.7,N712:CACCGG,0,1
LI_d0.7_59,LI_IL18_d0.7,59,LI,IL18,d0.7,N712:CAGCGC,0,1
LI_d0.7_60,LI_IL18_d0.7,60,LI,IL18,d0.7,N712:CCACGC,0,1
LI_d0.7_61,LI_IFNgIL18_d0.7,61,LI,IFNgIL18,d0.7,N712:CCCCAC,0,1
LI_d0.7_62,LI_IFNgIL18_d0.7,62,LI,IFNgIL18,d0.7,N712:CCCGAG,0,1
LI_d0.7_63,LI_IFNgIL18_d0.7,63,LI,IFNgIL18,d0.7,N712:CCGCAG,0,1
LI_d0.7_64,LI_IFNgIL18_d0.7,64,LI,IFNgIL18,d0.7,N712:CCGGGT,0,1
LI_d0.7_65,LI_IL1bIL18_d0.7,65,LI,IL1bIL18,d0.7,N712:CCTCGG,0,1
LI_d0.7_66,LI_IL1bIL18_d0.7,66,LI,IL1bIL18,d0.7,N712:CGACGG,0,1
LI_d0.7_67,LI_IL1bIL18_d0.7,67,LI,IL1bIL18,d0.7,N712:CGCAGG,0,1
LI_d0.7_68,LI_IL1bIL18_d0.7,68,LI,IL1bIL18,d0.7,N712:CGCCTC,0,1
LI_d0.7_69,LI_IL6IL18_d0.7,69,LI,IL6IL18,d0.7,N712:CGCGTG,0,1
LI_d0.7_70,LI_IL6IL18_d0.7,70,LI,IL6IL18,d0.7,N712:CGGAGC,0,1
LI_d0.7_71,LI_IL6IL18_d0.7,71,LI,IL6IL18,d0.7,N712:CGGCTG,0,1
LI_d0.7_72,LI_IL6IL18_d0.7,72,LI,IL6IL18,d0.7,N712:CGGGTC,0,1
LI_d0.7_73,LI_IL10IL18_d0.7,73,LI,IL10IL18,d0.7,N712:CGTCGC,0,1
LI_d0.7_74,LI_IL10IL18_d0.7,74,LI,IL10IL18,d0.7,N712:CTCCGC,0,1
LI_d0.7_75,LI_IL10IL18_d0.7,75,LI,IL10IL18,d0.7,N712:CTGGGC,0,1
LI_d0.7_76,LI_IL10IL18_d0.7,76,LI,IL10IL18,d0.7,N712:GACGGG,0,1
LI_d0.7_77,LI_TNFIL18_d0.7,77,LI,TNFIL18,d0.7,N712:GAGGGC,0,1
LI_d0.7_78,LI_TNFIL18_d0.7,78,LI,TNFIL18,d0.7,N712:GCAGGC,0,1
LI_d0.7_79,LI_TNFIL18_d0.7,79,LI,TNFIL18,d0.7,N712:GCCCCT,1,1
LI_d0.7_80,LI_TNFIL18_d0.7,80,LI,TNFIL18,d0.7,N712:GCCGCA,0,1
LI_d0_81,LI_Control_d0,81,LI,Control,d0,N712:GCCTGC,0,1
LI_d0_82,LI_Control_d0,82,LI,Control,d0,N712:GCGCCA,0,1
LI_d0_83,LI_Control_d0,83,LI,Control,d0,N712:GCGGCT,0,1
LI_d0_84,LI_Control_d0,84,LI,Control,d0,N712:GCGTGG,0,1
CO_d0.7_1,CO_IFNg_d0.7,1,CO,IFNg,d0.7,N712:AAACTA,0,1
CO_d0.7_2,CO_IFNg_d0.7,2,CO,IFNg,d0.7,N712:AAATGT,0,1
CO_d0.7_3,CO_IFNg_d0.7,3,CO,IFNg,d0.7,N712:AACTAA,0,1
CO_d0.7_4,CO_IFNg_d0.7,4,CO,IFNg,d0.7,N712:AATAAC,0,1
CO_d0.7_5,CO_IL1b_d0.7,5,CO,IL1b,d0.7,N712:AATCAA,0,1
CO_d0.7_6,CO_IL1b_d0.7,6,CO,IL1b,d0.7,N712:AATTAG,0,1
CO_d0.7_7,CO_IL1b_d0.7,7,CO,IL1b,d0.7,N712:ACAAAT,0,1
CO_d0.7_8,CO_IL1b_d0.7,8,CO,IL1b,d0.7,N712:ACTATT,0,1
CO_d0.7_9,CO_IL6_d0.7,9,CO,IL6,d0.7,N712:AGATAT,0,1
CO_d0.7_10,CO_IL6_d0.7,10,CO,IL6,d0.7,N712:AGTTAA,0,1
CO_d0.7_11,CO_IL6_d0.7,11,CO,IL6,d0.7,N712:ATAATG,0,1
CO_d0.7_12,CO_IL6_d0.7,12,CO,IL6,d0.7,N712:ATAGTA,0,1
CO_d0.7_13,CO_IL10_d0.7,13,CO,IL10,d0.7,N712:ATATTC,0,1
CO_d0.7_14,CO_IL10_d0.7,14,CO,IL10,d0.7,N712:ATCTTA,0,1
CO_d0.7_15,CO_IL10_d0.7,15,CO,IL10,d0.7,N712:ATTAAG,0,1
CO_d0.7_16,CO_IL10_d0.7,16,CO,IL10,d0.7,N712:ATTCAT,0,1
CO_d0.7_17,CO_TNF_d0.7,17,CO,TNF,d0.7,N712:ATTTAC,0,1
CO_d0.7_18,CO_TNF_d0.7,18,CO,TNF,d0.7,N712:CAAAAT,0,1
CO_d0.7_19,CO_TNF_d0.7,19,CO,TNF,d0.7,N712:CATATT,0,1
CO_d0.7_20,CO_TNF_d0.7,20,CO,TNF,d0.7,N712:CTAATT,1,1
CO_d0.7_21,CO_IFNgIL1b_d0.7,21,CO,IFNgIL1b,d0.7,N712:CTTATA,0,1
CO_d0.7_22,CO_IFNgIL1b_d0.7,22,CO,IFNgIL1b,d0.7,N712:GAATTA,0,1
CO_d0.7_23,CO_IFNgIL1b_d0.7,23,CO,IFNgIL1b,d0.7,N712:GTAAAT,0,1
CO_d0.7_24,CO_IFNgIL1b_d0.7,24,CO,IFNgIL1b,d0.7,N712:GTTATT,0,1
CO_d0.7_25,CO_IFNgIL6_d0.7,25,CO,IFNgIL6,d0.7,N712:TAAACA,0,1
CO_d0.7_26,CO_IFNgIL6_d0.7,26,CO,IFNgIL6,d0.7,N712:TAACTT,0,1
CO_d0.7_27,CO_IFNgIL6_d0.7,27,CO,IFNgIL6,d0.7,N712:TAATCT,0,1
CO_d0.7_28,CO_IFNgIL6_d0.7,28,CO,IFNgIL6,d0.7,N712:TACATT,0,1
CO_d0.7_29,CO_IFNgIL10_d0.7,29,CO,IFNgIL10,d0.7,N712:TAGATA,0,1
CO_d0.7_30,CO_IFNgIL10_d0.7,30,CO,IFNgIL10,d0.7,N712:TATACT,0,1
CO_d0.7_31,CO_IFNgIL10_d0.7,31,CO,IFNgIL10,d0.7,N712:TATCTA,0,1
CO_d0.7_32,CO_IFNgIL10_d0.7,32,CO,IFNgIL10,d0.7,N712:TATTCA,0,1
CO_d0.7_33,CO_TNFIFNg_d0.7,33,CO,TNFIFNg,d0.7,N712:TCAATT,0,1
CO_d0.7_34,CO_TNFIFNg_d0.7,34,CO,TNFIFNg,d0.7,N712:TCTATA,0,1
CO_d0.7_35,CO_TNFIFNg_d0.7,35,CO,TNFIFNg,d0.7,N712:TGATAA,0,1
CO_d0.7_36,CO_TNFIFNg_d0.7,36,CO,TNFIFNg,d0.7,N712:TGTTAT,0,1
CO_d0.7_37,CO_IL1bIL6_d0.7,37,CO,IL1bIL6,d0.7,N712:TTAAGA,0,1
CO_d0.7_38,CO_IL1bIL6_d0.7,38,CO,IL1bIL6,d0.7,N712:TTAGAA,0,1
CO_d0.7_39,CO_IL1bIL6_d0.7,39,CO,IL1bIL6,d0.7,N712:TTATGT,0,1
CO_d0.7_40,CO_IL1bIL6_d0.7,40,CO,IL1bIL6,d0.7,N712:TTCTAA,0,1
CO_d0.7_41,CO_IL1bIL10_d0.7,41,CO,IL1bIL10,d0.7,N712:TTTAAC,0,1
CO_d0.7_42,CO_IL1bIL10_d0.7,42,CO,IL1bIL10,d0.7,N712:TTTCAA,0,1
CO_d0.7_43,CO_IL1bIL10_d0.7,43,CO,IL1bIL10,d0.7,N712:TTTTCT,0,1
CO_d0.7_44,CO_IL1bIL10_d0.7,44,CO,IL1bIL10,d0.7,N712:ACCGTA,0,1
CO_d0.7_45,CO_IL6IL10_d0.7,45,CO,IL6IL10,d0.7,N712:CAAGCT,0,1
CO_d0.7_46,CO_IL6IL10_d0.7,46,CO,IL6IL10,d0.7,N712:CATGGT,0,1
CO_d0.7_47,CO_IL6IL10_d0.7,47,CO,IL6IL10,d0.7,N712:CGATTG,0,1
CO_d0.7_48,CO_IL6IL10_d0.7,48,CO,IL6IL10,d0.7,N712:GATCGT,0,1
CO_d0.7_49,CO_TNFIL6_d0.7,49,CO,TNFIL6,d0.7,N712:GGCAAT,0,1
CO_d0.7_50,CO_TNFIL6_d0.7,50,CO,TNFIL6,d0.7,N712:GTGACT,0,1
CO_d0.7_51,CO_TNFIL6_d0.7,51,CO,TNFIL6,d0.7,N712:TCGAAG,0,1
CO_d0.7_52,CO_TNFIL6_d0.7,52,CO,TNFIL6,d0.7,N712:TTTGGC,0,1
CO_d0.7_53,CO_TNFIL10_d0.7,53,CO,TNFIL10,d0.7,N712:GGACCA,0,1
CO_d0.7_54,CO_TNFIL10_d0.7,54,CO,TNFIL10,d0.7,N712:ACCGCG,0,1
CO_d0.7_55,CO_TNFIL10_d0.7,55,CO,TNFIL10,d0.7,N712:ACGGCC,0,1
CO_d0.7_56,CO_TNFIL10_d0.7,56,CO,TNFIL10,d0.7,N712:AGCGCC,0,1
CO_d0.7_57,CO_IL18_d0.7,57,CO,IL18,d0.7,N712:AGGGCG,0,1
CO_d0.7_58,CO_IL18_d0.7,58,CO,IL18,d0.7,N712:CACGCG,0,1
CO_d0.7_59,CO_IL18_d0.7,59,CO,IL18,d0.7,N712:CAGGCC,0,1
CO_d0.7_60,CO_IL18_d0.7,60,CO,IL18,d0.7,N712:CCAGGG,0,1
CO_d0.7_61,CO_IFNgIL18_d0.7,61,CO,IFNgIL18,d0.7,N712:CCCCCA,0,1
CO_d0.7_62,CO_IFNgIL18_d0.7,62,CO,IFNgIL18,d0.7,N712:CCCGGA,0,1
CO_d0.7_63,CO_IFNgIL18_d0.7,63,CO,IFNgIL18,d0.7,N712:CCGCGA,0,1
CO_d0.7_64,CO_IFNgIL18_d0.7,64,CO,IFNgIL18,d0.7,N712:CCGGTG,0,1
CO_d0.7_65,CO_IL1bIL18_d0.7,65,CO,IL1bIL18,d0.7,N712:CCTGCG,0,1
CO_d0.7_66,CO_IL1bIL18_d0.7,66,CO,IL1bIL18,d0.7,N712:CGAGCG,0,1
CO_d0.7_67,CO_IL1bIL18_d0.7,67,CO,IL1bIL18,d0.7,N712:CGCCAG,0,1
CO_d0.7_68,CO_IL1bIL18_d0.7,68,CO,IL1bIL18,d0.7,N712:CGCGAC,0,1
CO_d0.7_69,CO_IL6IL18_d0.7,69,CO,IL6IL18,d0.7,N712:CGCTCG,0,1
CO_d0.7_70,CO_IL6IL18_d0.7,70,CO,IL6IL18,d0.7,N712:CGGCAC,0,1
CO_d0.7_71,CO_IL6IL18_d0.7,71,CO,IL6IL18,d0.7,N712:CGGGAG,0,1
CO_d0.7_72,CO_IL6IL18_d0.7,72,CO,IL6IL18,d0.7,N712:CGGTCC,0,1
CO_d0.7_73,CO_IL10IL18_d0.7,73,CO,IL10IL18,d0.7,N712:CGTGCC,0,1
CO_d0.7_74,CO_IL10IL18_d0.7,74,CO,IL10IL18,d0.7,N712:CTCGGG,0,1
CO_d0.7_75,CO_IL10IL18_d0.7,75,CO,IL10IL18,d0.7,N712:GACCCG,0,1
CO_d0.7_76,CO_IL10IL18_d0.7,76,CO,IL10IL18,d0.7,N712:GAGCCC,0,1
CO_d0.7_77,CO_TNFIL18_d0.7,77,CO,TNFIL18,d0.7,N712:GCACCC,0,1
CO_d0.7_78,CO_TNFIL18_d0.7,78,CO,TNFIL18,d0.7,N712:GCCACC,0,1
CO_d0.7_79,CO_TNFIL18_d0.7,79,CO,TNFIL18,d0.7,N712:GCCCGA,1,1
CO_d0.7_80,CO_TNFIL18_d0.7,80,CO,TNFIL18,d0.7,N712:GCCGGT,0,1
CO_d0_81,CO_Control_d0,81,CO,Control,d0,N712:GCGACG,0,1
CO_d0_82,CO_Control_d0,82,CO,Control,d0,N712:GCGCGT,0,1
CO_d0_83,CO_Control_d0,83,CO,Control,d0,N712:GCGGGA,0,1
CO_d0_84,CO_Control_d0,84,CO,Control,d0,N712:GCTCCG,0,1
SP_d0_85,SP_Control2_d0,85,SP,Control2,d0,N710:AAAACT,0,2
SP_d0_86,SP_Control2_d0,86,SP,Control2,d0,N710:ATATAG,0,2
SP_d0_87,SP_Control2_d0,87,SP,Control2,d0,N710:GTTTAT,1,2
SP_d0_88,SP_Control2_d0,88,SP,Control2,d0,N710:TGTTTA,0,2
SP_d0.7_89,SP_TNFIL1b_d0.7,89,SP,TNFIL1b,d0.7,N710:GCTAGA,0,2
SP_d0.7_90,SP_TNFIL1b_d0.7,90,SP,TNFIL1b,d0.7,N710:CCCACG,0,2
SP_d0.7_91,SP_TNFIL1b_d0.7,91,SP,TNFIL1b,d0.7,N710:CGGTGG,0,2
SP_d0.7_92,SP_TNFIL1b_d0.7,92,SP,TNFIL1b,d0.7,N710:GCTCGC,0,2
LU_d0_85,LU_Control2_d0,85,LU,Control2,d0,N710:TCTGCA,0,2
LU_d0_86,LU_Control2_d0,86,LU,Control2,d0,N710:CCGGAC,0,2
LU_d0_87,LU_Control2_d0,87,LU,Control2,d0,N710:GACCGC,0,2
LU_d0_88,LU_Control2_d0,88,LU,Control2,d0,N710:GGCGTC,0,2
LU_d0.7_89,LU_TNFIL1b_d0.7,89,LU,TNFIL1b,d0.7,N710:AATACA,0,2
LU_d0.7_90,LU_TNFIL1b_d0.7,90,LU,TNFIL1b,d0.7,N710:ATTCTA,0,2
LU_d0.7_91,LU_TNFIL1b_d0.7,91,LU,TNFIL1b,d0.7,N710:TACTAT,0,2
LU_d0.7_92,LU_TNFIL1b_d0.7,92,LU,TNFIL1b,d0.7,N710:TTGAAA,0,2
KI_d0_85,KI_Control2_d0,85,KI,Control2,d0,N710:ACAATA,0,2
KI_d0_86,KI_Control2_d0,86,KI,Control2,d0,N710:CATTAT,0,2
KI_d0_87,KI_Control2_d0,87,KI,Control2,d0,N710:TATGAA,0,2
KI_d0_88,KI_Control2_d0,88,KI,Control2,d0,N710:TTTTGA,0,2
KI_d0.7_89,KI_TNFIL1b_d0.7,89,KI,TNFIL1b,d0.7,N710:ACGGGG,0,2
KI_d0.7_90,KI_TNFIL1b_d0.7,90,KI,TNFIL1b,d0.7,N710:CGCCCT,0,2
KI_d0.7_91,KI_TNFIL1b_d0.7,91,KI,TNFIL1b,d0.7,N710:GCCCTC,0,2
KI_d0.7_92,KI_TNFIL1b_d0.7,92,KI,TNFIL1b,d0.7,N710:GGTGGC,0,2
HE_d0_85,HE_Control2_d0,85,HE,Control2,d0,N710:CACGGC,0,2
HE_d0_86,HE_Control2_d0,86,HE,Control2,d0,N710:CGGCCA,0,2
HE_d0_87,HE_Control2_d0,87,HE,Control2,d0,N710:GCGCTG,0,2
HE_d0_88,HE_Control2_d0,88,HE,Control2,d0,N710:TCGGGC,0,2
HE_d0.7_89,HE_TNFIL1b_d0.7,89,HE,TNFIL1b,d0.7,N710:ATACAA,0,2
HE_d0.7_90,HE_TNFIL1b_d0.7,90,HE,TNFIL1b,d0.7,N710:GTAATA,0,2
HE_d0.7_91,HE_TNFIL1b_d0.7,91,HE,TNFIL1b,d0.7,N710:TGATTT,0,2
HE_d0.7_92,HE_TNFIL1b_d0.7,92,HE,TNFIL1b,d0.7,N710:CTAGTG,0,2
TH_d0_85,TH_Control2_d0,85,TH,Control2,d0,N710:AACAAT,0,2
TH_d0_86,TH_Control2_d0,86,TH,Control2,d0,N710:ATGATA,0,2
TH_d0_87,TH_Control2_d0,87,TH,Control2,d0,N710:TAAGTA,0,2
TH_d0_88,TH_Control2_d0,88,TH,Control2,d0,N710:TTATAC,0,2
TH_d0.7_89,TH_TNFIL1b_d0.7,89,TH,TNFIL1b,d0.7,N710:TAGTGG,0,2
TH_d0.7_90,TH_TNFIL1b_d0.7,90,TH,TNFIL1b,d0.7,N710:CCGAGG,0,2
TH_d0.7_91,TH_TNFIL1b_d0.7,91,TH,TNFIL1b,d0.7,N710:CTGGCG,0,2
TH_d0.7_92,TH_TNFIL1b_d0.7,92,TH,TNFIL1b,d0.7,N710:GGCGAG,0,2
BM_d0_85,BM_Control2_d0,85,BM,Control2,d0,N710:ACCCCC,0,2
BM_d0_86,BM_Control2_d0,86,BM,Control2,d0,N710:CGACCC,0,2
BM_d0_87,BM_Control2_d0,87,BM,Control2,d0,N710:GCAGCG,0,2
BM_d0_88,BM_Control2_d0,88,BM,Control2,d0,N710:GGGGCA,0,2
BM_d0.7_89,BM_TNFIL1b_d0.7,89,BM,TNFIL1b,d0.7,N710:AATTGA,0,2
BM_d0.7_90,BM_TNFIL1b_d0.7,90,BM,TNFIL1b,d0.7,N710:CAATAA,0,2
BM_d0.7_91,BM_TNFIL1b_d0.7,91,BM,TNFIL1b,d0.7,N710:TATATC,0,2
BM_d0.7_92,BM_TNFIL1b_d0.7,92,BM,TNFIL1b,d0.7,N710:TTTGTA,0,2
iLN_d0_85,iLN_Control2_d0,85,iLN,Control2,d0,N710:AGTAAT,0,2
iLN_d0_86,iLN_Control2_d0,86,iLN,Control2,d0,N710:GAAATT,0,2
iLN_d0_87,iLN_Control2_d0,87,iLN,Control2,d0,N710:TCATTA,0,2
iLN_d0_88,iLN_Control2_d0,88,iLN,Control2,d0,N710:CAGTCA,0,2
iLN_d0.7_89,iLN_TNFIL1b_d0.7,89,iLN,TNFIL1b,d0.7,N710:CACCCC,0,2
iLN_d0.7_90,iLN_TNFIL1b_d0.7,90,iLN,TNFIL1b,d0.7,N710:CGGACG,0,2
iLN_d0.7_91,iLN_TNFIL1b_d0.7,91,iLN,TNFIL1b,d0.7,N710:GCGCAC,0,2
iLN_d0.7_92,iLN_TNFIL1b_d0.7,92,iLN,TNFIL1b,d0.7,N710:TCCGGG,0,2
LI_d0_85,LI_Control2_d0,85,LI,Control2,d0,N710:GGCAAT,0,2
LI_d0_86,LI_Control2_d0,86,LI,Control2,d0,N710:CCCCCA,0,2
LI_d0_87,LI_Control2_d0,87,LI,Control2,d0,N710:CGTGCC,0,2
LI_d0_88,LI_Control2_d0,88,LI,Control2,d0,N710:GGACGC,0,2
LI_d0.7_89,LI_TNFIL1b_d0.7,89,LI,TNFIL1b,d0.7,N710:AAATGT,0,2
LI_d0.7_90,LI_TNFIL1b_d0.7,90,LI,TNFIL1b,d0.7,N710:ATCTTA,0,2
LI_d0.7_91,LI_TNFIL1b_d0.7,91,LI,TNFIL1b,d0.7,N710:TAACTT,0,2
LI_d0.7_92,LI_TNFIL1b_d0.7,92,LI,TNFIL1b,d0.7,N710:TTAGAA,0,2
CO_d0_85,CO_Control2_d0,85,CO,Control2,d0,N710:AATCAA,0,2
CO_d0_86,CO_Control2_d0,86,CO,Control2,d0,N710:ATTTAC,0,2
CO_d0_87,CO_Control2_d0,87,CO,Control2,d0,N710:TAGATA,0,2
CO_d0_88,CO_Control2_d0,88,CO,Control2,d0,N710:TTTAAC,0,2
CO_d0.7_89,CO_TNFIL1b_d0.7,89,CO,TNFIL1b,d0.7,N710:GGACCA,0,2
CO_d0.7_90,CO_TNFIL1b_d0.7,90,CO,TNFIL1b,d0.7,N710:CCTGCG,0,2
CO_d0.7_91,CO_TNFIL1b_d0.7,91,CO,TNFIL1b,d0.7,N710:GCACCC,0,2
CO_d0.7_92,CO_TNFIL1b_d0.7,92,CO,TNFIL1b,d0.7,N710:GGGCTC,0,2