sample_ID,group_ID,mouse,tissue,treatment,timepoint,barcode,outlier
BM_d0_1,BM_Control_d0,1,BM,Control,d0,N701:ACATAA,0
BM_d0_2,BM_Control_d0,2,BM,Control,d0,N701:CATTTA,0
BM_d0_3,BM_Control_d0,3,BM,Control,d0,N701:TATGTT,0
BM_d0_4,BM_Control_d0,4,BM,Control,d0,N701:TCTTTC,0
BM_d0.25_5,BM_LPS_d0.25,5,BM,LPS,d0.25,N701:AGCCCG,0
BM_d0.25_6,BM_LPS_d0.25,6,BM,LPS,d0.25,N701:CGCCGA,0
BM_d0.25_7,BM_LPS_d0.25,7,BM,LPS,d0.25,N701:GCCGAC,0
BM_d0.25_8,BM_LPS_d0.25,8,BM,LPS,d0.25,N701:GTCCCC,0
BM_d0.5_9,BM_LPS_d0.5,9,BM,LPS,d0.5,N701:ACTTTA,0
BM_d0.5_10,BM_LPS_d0.5,10,BM,LPS,d0.5,N701:CTATTA,0
BM_d0.5_11,BM_LPS_d0.5,11,BM,LPS,d0.5,N701:TATTTG,0
BM_d0.5_12,BM_LPS_d0.5,12,BM,LPS,d0.5,N701:AGGGAT,0
BM_d1_13,BM_LPS_d1,13,BM,LPS,d1,N701:AGGCCC,0
BM_d1_14,BM_LPS_d1,14,BM,LPS,d1,N701:CGCGGT,0
BM_d1_15,BM_LPS_d1,15,BM,LPS,d1,N701:GCCTCG,0
BM_d1_16,BM_LPS_d1,16,BM,LPS,d1,N701:GTGGCC,0
BM_d2_17,BM_LPS_d2,17,BM,LPS,d2,N701:AGTAAT,0
BM_d2_18,BM_LPS_d2,18,BM,LPS,d2,N701:GAAATT,0
BM_d2_19,BM_LPS_d2,19,BM,LPS,d2,N701:TCATTA,0
BM_d2_20,BM_LPS_d2,20,BM,LPS,d2,N701:CAGTCA,0
BM_d3_21,BM_LPS_d3,21,BM,LPS,d3,N701:CACCCC,0
BM_d3_22,BM_LPS_d3,22,BM,LPS,d3,N701:CGGACG,0
BM_d3_23,BM_LPS_d3,23,BM,LPS,d3,N701:GCGCAC,0
BM_d3_24,BM_LPS_d3,24,BM,LPS,d3,N701:TCCGGG,0
BM_d5_25,BM_LPS_d5,25,BM,LPS,d5,N701:ATAACA,0
BM_d5_26,BM_LPS_d5,26,BM,LPS,d5,N701:GATATA,0
BM_d5_27,BM_LPS_d5,27,BM,LPS,d5,N701:TGAAAT,0
BM_d5_28,BM_LPS_d5,28,BM,LPS,d5,N701:CCGATT,0
BR_d0_1,BR_Control_d0,1,BR,Control,d0,N701:ACTATT,0
BR_d0_2,BR_Control_d0,2,BR,Control,d0,N701:CTAATT,0
BR_d0_3,BR_Control_d0,3,BR,Control,d0,N701:TATTCA,0
BR_d0_4,BR_Control_d0,4,BR,Control,d0,N701:ACCGTA,0
BR_d0.25_5,BR_LPS_d0.25,5,BR,LPS,d0.25,N701:AGCGCC,0
BR_d0.25_6,BR_LPS_d0.25,6,BR,LPS,d0.25,N701:CGCGAC,0
BR_d0.25_7,BR_LPS_d0.25,7,BR,LPS,d0.25,N701:GCCGGT,0
BR_d0.25_8,BR_LPS_d0.25,8,BR,LPS,d0.25,N701:GTCGGC,0
BR_d0.5_9,BR_LPS_d0.5,9,BR,LPS,d0.5,N701:AGATAT,0
BR_d0.5_10,BR_LPS_d0.5,10,BR,LPS,d0.5,N701:CTTATA,0
BR_d0.5_11,BR_LPS_d0.5,11,BR,LPS,d0.5,N701:TCAATT,0
BR_d0.5_12,BR_LPS_d0.5,12,BR,LPS,d0.5,N701:CAAGCT,0
BR_d1_13,BR_LPS_d1,13,BR,LPS,d1,N701:AGGGCG,0
BR_d1_14,BR_LPS_d1,14,BR,LPS,d1,N701:CGCTCG,0
BR_d1_15,BR_LPS_d1,15,BR,LPS,d1,N701:GCGACG,0
BR_d1_16,BR_LPS_d1,16,BR,LPS,d1,N701:TCCCCG,0
BR_d2_17,BR_LPS_d2,17,BR,LPS,d2,N701:AGTTAA,0
BR_d2_18,BR_LPS_d2,18,BR,LPS,d2,N701:GAATTA,0
BR_d2_19,BR_LPS_d2,19,BR,LPS,d2,N701:TCTATA,0
BR_d2_20,BR_LPS_d2,20,BR,LPS,d2,N701:CATGGT,0
BR_d3_21,BR_LPS_d3,21,BR,LPS,d3,N701:CACGCG,0
BR_d3_22,BR_LPS_d3,22,BR,LPS,d3,N701:CGGCAC,0
BR_d3_23,BR_LPS_d3,23,BR,LPS,d3,N701:GCGCGT,0
BR_d3_24,BR_LPS_d3,24,BR,LPS,d3,N701:TCGGCG,0
BR_d5_25,BR_LPS_d5,25,BR,LPS,d5,N701:ATAATG,0
BR_d5_26,BR_LPS_d5,26,BR,LPS,d5,N701:GTAAAT,0
BR_d5_27,BR_LPS_d5,27,BR,LPS,d5,N701:TGATAA,0
BR_d5_28,BR_LPS_d5,28,BR,LPS,d5,N701:CGATTG,0
CO_d0_1,CO_Control_d0,1,CO,Control,d0,N701:AAACAT,0
CO_d0_2,CO_Control_d0,2,CO,Control,d0,N701:ATATGA,0
CO_d0_3,CO_Control_d0,3,CO,Control,d0,N701:TAAAAC,0
CO_d0_4,CO_Control_d0,4,CO,Control,d0,N701:TTAACT,0
CO_d0.25_5,CO_LPS_d0.25,5,CO,LPS,d0.25,N701:GGACAT,0
CO_d0.25_6,CO_LPS_d0.25,6,CO,LPS,d0.25,N701:CCCCAC,0
CO_d0.25_7,CO_LPS_d0.25,7,CO,LPS,d0.25,N701:CGTCGC,0
CO_d0.25_8,CO_LPS_d0.25,8,CO,LPS,d0.25,N701:GCTGGG,0
CO_d0.5_9,CO_LPS_d0.5,9,CO,LPS,d0.5,N701:AAATCA,0
CO_d0.5_10,CO_LPS_d0.5,10,CO,LPS,d0.5,N701:ATCTAT,0
CO_d0.5_11,CO_LPS_d0.5,11,CO,LPS,d0.5,N701:TAACAA,0
CO_d0.5_12,CO_LPS_d0.5,12,CO,LPS,d0.5,N701:TTACTA,0
CO_d1_13,CO_LPS_d1,13,CO,LPS,d1,N701:GTCAAG,0
CO_d1_14,CO_LPS_d1,14,CO,LPS,d1,N701:CCCGAG,0
CO_d1_15,CO_LPS_d1,15,CO,LPS,d1,N701:CTCCGC,0
CO_d1_16,CO_LPS_d1,16,CO,LPS,d1,N701:GGCACG,0
CO_d2_17,CO_LPS_d2,17,CO,LPS,d2,N701:AACATA,0
CO_d2_18,CO_LPS_d2,18,CO,LPS,d2,N701:ATGTAA,0
CO_d2_19,CO_LPS_d2,19,CO,LPS,d2,N701:TAATAG,0
CO_d2_20,CO_LPS_d2,20,CO,LPS,d2,N701:TTATCA,0
CO_d3_21,CO_LPS_d3,21,CO,LPS,d3,N701:TCCAAC,0
CO_d3_22,CO_LPS_d3,22,CO,LPS,d3,N701:CCGCAG,0
CO_d3_23,CO_LPS_d3,23,CO,LPS,d3,N701:CTGGGC,0
CO_d3_24,CO_LPS_d3,24,CO,LPS,d3,N701:GGCGCT,0
CO_d5_25,CO_LPS_d5,25,CO,LPS,d5,N701:AAGTTA,0
CO_d5_26,CO_LPS_d5,26,CO,LPS,d5,N701:ATTATC,0
CO_d5_27,CO_LPS_d5,27,CO,LPS,d5,N701:TACAAA,0
CO_d5_28,CO_LPS_d5,28,CO,LPS,d5,N701:TTCATA,0
HE_d0_1,HE_Control_d0,1,HE,Control,d0,N701:AAAATC,0
HE_d0_2,HE_Control_d0,2,HE,Control,d0,N701:ATATCT,0
HE_d0_3,HE_Control_d0,3,HE,Control,d0,N701:GTTTTA,0
HE_d0_4,HE_Control_d0,4,HE,Control,d0,N701:TTAAAG,0
HE_d0.25_5,HE_LPS_d0.25,5,HE,LPS,d0.25,N701:GCTTAC,0
HE_d0.25_6,HE_LPS_d0.25,6,HE,LPS,d0.25,N701:CCCAGC,0
HE_d0.25_7,HE_LPS_d0.25,7,HE,LPS,d0.25,N701:CGTCCG,0
HE_d0.25_8,HE_LPS_d0.25,8,HE,LPS,d0.25,N701:GCTGCC,0
HE_d0.5_9,HE_LPS_d0.5,9,HE,LPS,d0.5,N701:AAATAC,0
HE_d0.5_10,HE_LPS_d0.5,10,HE,LPS,d0.5,N701:ATCATT,0
HE_d0.5_11,HE_LPS_d0.5,11,HE,LPS,d0.5,N701:TAAATG,0
HE_d0.5_12,HE_LPS_d0.5,12,HE,LPS,d0.5,N701:TTACAT,0
HE_d1_13,HE_LPS_d1,13,HE,LPS,d1,N701:GTACAC,0
HE_d1_14,HE_LPS_d1,14,HE,LPS,d1,N701:CCCCTG,0
HE_d1_15,HE_LPS_d1,15,HE,LPS,d1,N701:CTCCCG,0
HE_d1_16,HE_LPS_d1,16,HE,LPS,d1,N701:GGAGGG,0
HE_d2_17,HE_LPS_d2,17,HE,LPS,d2,N701:AACAAT,0
HE_d2_18,HE_LPS_d2,18,HE,LPS,d2,N701:ATGATA,0
HE_d2_19,HE_LPS_d2,19,HE,LPS,d2,N701:TAAGTA,0
HE_d2_20,HE_LPS_d2,20,HE,LPS,d2,N701:TTATAC,0
HE_d3_21,HE_LPS_d3,21,HE,LPS,d3,N701:TAGTGG,0
HE_d3_22,HE_LPS_d3,22,HE,LPS,d3,N701:CCGAGG,0
HE_d3_23,HE_LPS_d3,23,HE,LPS,d3,N701:CTGGCG,0
HE_d3_24,HE_LPS_d3,24,HE,LPS,d3,N701:GGCGAG,0
HE_d5_25,HE_LPS_d5,25,HE,LPS,d5,N701:AAGTAT,0
HE_d5_26,HE_LPS_d5,26,HE,LPS,d5,N701:ATTAGA,0
HE_d5_27,HE_LPS_d5,27,HE,LPS,d5,N701:TAATTC,0
HE_d5_28,HE_LPS_d5,28,HE,LPS,d5,N701:TTCAAT,0
iLN_d0_1,iLN_Control_d0,1,iLN,Control,d0,N701:TTGTCC,0
iLN_d0_2,iLN_Control_d0,2,iLN,Control,d0,N701:CCGGGT,0
iLN_d0_3,iLN_Control_d0,3,iLN,Control,d0,N701:GACGGG,0
iLN_d0_4,iLN_Control_d0,4,iLN,Control,d0,N701:GGGACC,0
iLN_d0.25_5,iLN_LPS_d0.25,5,iLN,LPS,d0.25,N701:AATATG,0
iLN_d0.25_6,iLN_LPS_d0.25,6,iLN,LPS,d0.25,N701:ATTGTT,0
iLN_d0.25_7,iLN_LPS_d0.25,7,iLN,LPS,d0.25,N701:TAGAAT,0
iLN_d0.25_8,iLN_LPS_d0.25,8,iLN,LPS,d0.25,N701:TTGTTA,0
iLN_d0.5_9,iLN_LPS_d0.5,9,iLN,LPS,d0.5,N701:CTCTCC,0
iLN_d0.5_10,iLN_LPS_d0.5,10,iLN,LPS,d0.5,N701:CCTCGG,0
iLN_d0.5_11,iLN_LPS_d0.5,11,iLN,LPS,d0.5,N701:GAGGGC,0
iLN_d0.5_12,iLN_LPS_d0.5,12,iLN,LPS,d0.5,N701:GGGCGA,0
iLN_d1_13,iLN_LPS_d1,13,iLN,LPS,d1,N701:AATGTA,0
iLN_d1_14,iLN_LPS_d1,14,iLN,LPS,d1,N701:ATTTTG,0
iLN_d1_15,iLN_LPS_d1,15,iLN,LPS,d1,N701:TATAAG,0
iLN_d1_16,iLN_LPS_d1,16,iLN,LPS,d1,N701:TTTATG,0
iLN_d2_17,iLN_LPS_d2,17,iLN,LPS,d2,N701:ACCCGG,0
iLN_d2_18,iLN_LPS_d2,18,iLN,LPS,d2,N701:CGACGG,0
iLN_d2_19,iLN_LPS_d2,19,iLN,LPS,d2,N701:GCAGGC,0
iLN_d2_20,iLN_LPS_d2,20,iLN,LPS,d2,N701:GGGGGT,1
iLN_d3_21,iLN_LPS_d3,21,iLN,LPS,d3,N701:AATTTC,0
iLN_d3_22,iLN_LPS_d3,22,iLN,LPS,d3,N701:CATAAA,0
iLN_d3_23,iLN_LPS_d3,23,iLN,LPS,d3,N701:TATCAT,0
iLN_d3_24,iLN_LPS_d3,24,iLN,LPS,d3,N701:TTTTAG,0
iLN_d5_25,iLN_LPS_d5,25,iLN,LPS,d5,N701:ACGCGC,0
iLN_d5_26,iLN_LPS_d5,26,iLN,LPS,d5,N701:CGCAGG,0
iLN_d5_27,iLN_LPS_d5,27,iLN,LPS,d5,N701:GCCCCT,0
iLN_d5_28,iLN_LPS_d5,28,iLN,LPS,d5,N701:GGTCCC,0
KI_d0_1,KI_Control_d0,1,KI,Control,d0,N701:ACAATA,0
KI_d0_2,KI_Control_d0,2,KI,Control,d0,N701:CATTAT,0
KI_d0_3,KI_Control_d0,3,KI,Control,d0,N701:TATGAA,0
KI_d0_4,KI_Control_d0,4,KI,Control,d0,N701:TTTTGA,0
KI_d0.25_5,KI_LPS_d0.25,5,KI,LPS,d0.25,N701:ACGGGG,0
KI_d0.25_6,KI_LPS_d0.25,6,KI,LPS,d0.25,N701:CGCCCT,0
KI_d0.25_7,KI_LPS_d0.25,7,KI,LPS,d0.25,N701:GCCCTC,0
KI_d0.25_8,KI_LPS_d0.25,8,KI,LPS,d0.25,N701:GGTGGC,0
KI_d0.5_9,KI_LPS_d0.5,9,KI,LPS,d0.5,N701:ACTTAT,0
KI_d0.5_10,KI_LPS_d0.5,10,KI,LPS,d0.5,N701:CTATAT,0
KI_d0.5_11,KI_LPS_d0.5,11,KI,LPS,d0.5,N701:TATTGT,0
KI_d0.5_12,KI_LPS_d0.5,12,KI,LPS,d0.5,N701:AGACCT,0
KI_d1_13,KI_LPS_d1,13,KI,LPS,d1,N701:AGCGGG,0
KI_d1_14,KI_LPS_d1,14,KI,LPS,d1,N701:CGCGCA,0
KI_d1_15,KI_LPS_d1,15,KI,LPS,d1,N701:GCCGTG,0
KI_d1_16,KI_LPS_d1,16,KI,LPS,d1,N701:GTGCGC,0
KI_d2_17,KI_LPS_d2,17,KI,LPS,d2,N701:AGATTA,0
KI_d2_18,KI_LPS_d2,18,KI,LPS,d2,N701:CTTTAA,0
KI_d2_19,KI_LPS_d2,19,KI,LPS,d2,N701:TCATAT,0
KI_d2_20,KI_LPS_d2,20,KI,LPS,d2,N701:CACCAA,0
KI_d3_21,KI_LPS_d3,21,KI,LPS,d3,N701:AGGGGC,0
KI_d3_22,KI_LPS_d3,22,KI,LPS,d3,N701:CGCTGC,0
KI_d3_23,KI_LPS_d3,23,KI,LPS,d3,N701:GCGAGC,0
KI_d3_24,KI_LPS_d3,24,KI,LPS,d3,N701:TCCCGC,0
KI_d5_25,KI_LPS_d5,25,KI,LPS,d5,N701:ATAAAC,0
KI_d5_26,KI_LPS_d5,26,KI,LPS,d5,N701:GATAAT,0
KI_d5_27,KI_LPS_d5,27,KI,LPS,d5,N701:TCTTAA,0
KI_d5_28,KI_LPS_d5,28,KI,LPS,d5,N701:CCACAT,0
LI_d0_1,LI_Control_d0,1,LI,Control,d0,N701:ACTAAA,0
LI_d0_2,LI_Control_d0,2,LI,Control,d0,N701:CTAAAA,0
LI_d0_3,LI_Control_d0,3,LI,Control,d0,N701:TATTAC,0
LI_d0_4,LI_Control_d0,4,LI,Control,d0,N701:TTGGAT,0
LI_d0.25_5,LI_LPS_d0.25,5,LI,LPS,d0.25,N701:AGCCGC,0
LI_d0.25_6,LI_LPS_d0.25,6,LI,LPS,d0.25,N701:CGCCTC,0
LI_d0.25_7,LI_LPS_d0.25,7,LI,LPS,d0.25,N701:GCCGCA,0
LI_d0.25_8,LI_LPS_d0.25,8,LI,LPS,d0.25,N701:GTCGCG,0
LI_d0.5_9,LI_LPS_d0.5,9,LI,LPS,d0.5,N701:AGAATT,0
LI_d0.5_10,LI_LPS_d0.5,10,LI,LPS,d0.5,N701:CTTAAT,0
LI_d0.5_11,LI_LPS_d0.5,11,LI,LPS,d0.5,N701:TCAAAA,0
LI_d0.5_12,LI_LPS_d0.5,12,LI,LPS,d0.5,N701:ATCGAG,0
LI_d1_13,LI_LPS_d1,13,LI,LPS,d1,N701:AGGCGG,0
LI_d1_14,LI_LPS_d1,14,LI,LPS,d1,N701:CGCGTG,0
LI_d1_15,LI_LPS_d1,15,LI,LPS,d1,N701:GCCTGC,0
LI_d1_16,LI_LPS_d1,16,LI,LPS,d1,N701:GTGGGG,0
LI_d2_17,LI_LPS_d2,17,LI,LPS,d2,N701:AGTATA,0
LI_d2_18,LI_LPS_d2,18,LI,LPS,d2,N701:GAATAT,0
LI_d2_19,LI_LPS_d2,19,LI,LPS,d2,N701:TCTAAT,0
LI_d2_20,LI_LPS_d2,20,LI,LPS,d2,N701:CATCAG,0
LI_d3_21,LI_LPS_d3,21,LI,LPS,d3,N701:CACCGG,0
LI_d3_22,LI_LPS_d3,22,LI,LPS,d3,N701:CGGAGC,0
LI_d3_23,LI_LPS_d3,23,LI,LPS,d3,N701:GCGCCA,0
LI_d3_24,LI_LPS_d3,24,LI,LPS,d3,N701:TCGCGG,0
LI_d5_25,LI_LPS_d5,25,LI,LPS,d5,N701:ATAAGT,0
LI_d5_26,LI_LPS_d5,26,LI,LPS,d5,N701:GATTAA,0
LI_d5_27,LI_LPS_d5,27,LI,LPS,d5,N701:TGAATA,0
LI_d5_28,LI_LPS_d5,28,LI,LPS,d5,N701:CGACTT,0
LU_d0_1,LU_Control_d0,1,LU,Control,d0,N701:AAAACT,0
LU_d0_2,LU_Control_d0,2,LU,Control,d0,N701:ATATAG,0
LU_d0_3,LU_Control_d0,3,LU,Control,d0,N701:GTTTAT,0
LU_d0_4,LU_Control_d0,4,LU,Control,d0,N701:TGTTTA,0
LU_d0.25_5,LU_LPS_d0.25,5,LU,LPS,d0.25,N701:GCTAGA,0
LU_d0.25_6,LU_LPS_d0.25,6,LU,LPS,d0.25,N701:CCCACG,0
LU_d0.25_7,LU_LPS_d0.25,7,LU,LPS,d0.25,N701:CGGTGG,0
LU_d0.25_8,LU_LPS_d0.25,8,LU,LPS,d0.25,N701:GCTCGC,0
LU_d0.5_9,LU_LPS_d0.5,9,LU,LPS,d0.5,N701:AAAGTT,0
LU_d0.5_10,LU_LPS_d0.5,10,LU,LPS,d0.5,N701:ATCAAA,0
LU_d0.5_11,LU_LPS_d0.5,11,LU,LPS,d0.5,N701:TAAAGT,0
LU_d0.5_12,LU_LPS_d0.5,12,LU,LPS,d0.5,N701:TTAATC,0
LU_d1_13,LU_LPS_d1,13,LU,LPS,d1,N701:GGGATT,0
LU_d1_14,LU_LPS_d1,14,LU,LPS,d1,N701:CCCCGT,0
LU_d1_15,LU_LPS_d1,15,LU,LPS,d1,N701:CGTGGG,0
LU_d1_16,LU_LPS_d1,16,LU,LPS,d1,N701:GGAGCC,0
LU_d2_17,LU_LPS_d2,17,LU,LPS,d2,N701:AAATTG,0
LU_d2_18,LU_LPS_d2,18,LU,LPS,d2,N701:ATGAAT,0
LU_d2_19,LU_LPS_d2,19,LU,LPS,d2,N701:TAAGAT,0
LU_d2_20,LU_LPS_d2,20,LU,LPS,d2,N701:TTAGTT,0
LU_d3_21,LU_LPS_d3,21,LU,LPS,d3,N701:GTTCGA,0
LU_d3_22,LU_LPS_d3,22,LU,LPS,d3,N701:CCCTGG,0
LU_d3_23,LU_LPS_d3,23,LU,LPS,d3,N701:CTGCGG,0
LU_d3_24,LU_LPS_d3,24,LU,LPS,d3,N701:GGCCAC,0
LU_d5_25,LU_LPS_d5,25,LU,LPS,d5,N701:AAGATT,0
LU_d5_26,LU_LPS_d5,26,LU,LPS,d5,N701:ATTACT,0
LU_d5_27,LU_LPS_d5,27,LU,LPS,d5,N701:TAATGA,0
LU_d5_28,LU_LPS_d5,28,LU,LPS,d5,N701:TTATTG,0
PBMC_d0_1,PBMC_Control_d0,1,PBMC,Control,d0,N702:ATACAA,0
PBMC_d0_2,PBMC_Control_d0,2,PBMC,Control,d0,N702:GTAATA,0
PBMC_d0_3,PBMC_Control_d0,3,PBMC,Control,d0,N702:TGATTT,0
PBMC_d0_4,PBMC_Control_d0,4,PBMC,Control,d0,N702:CTAGTG,0
PBMC_d0.25_5,PBMC_LPS_d0.25,5,PBMC,LPS,d0.25,N702:CAGGGG,0
PBMC_d0.25_6,PBMC_LPS_d0.25,6,PBMC,LPS,d0.25,N702:CGGGCT,0
PBMC_d0.25_7,PBMC_LPS_d0.25,7,PBMC,LPS,d0.25,N702:GCGGTC,0
PBMC_d0.25_8,PBMC_LPS_d0.25,8,PBMC,LPS,d0.25,N702:TGGCCG,0
PBMC_d0.5_9,PBMC_LPS_d0.5,9,PBMC,LPS,d0.5,N702:ATACTT,0
PBMC_d0.5_10,PBMC_LPS_d0.5,10,PBMC,LPS,d0.5,N702:GTATAA,0
PBMC_d0.5_11,PBMC_LPS_d0.5,11,PBMC,LPS,d0.5,N702:TGTAAA,0
PBMC_d0.5_12,PBMC_LPS_d0.5,12,PBMC,LPS,d0.5,N702:CTTCTG,0
PBMC_d1_13,PBMC_LPS_d1,13,PBMC,LPS,d1,N702:CCACCG,0
PBMC_d1_14,PBMC_LPS_d1,14,PBMC,LPS,d1,N702:CGGGGA,0
PBMC_d1_15,PBMC_LPS_d1,15,PBMC,LPS,d1,N702:GCGTCC,0
PBMC_d1_16,PBMC_LPS_d1,16,PBMC,LPS,d1,N702:TGGCGC,0
PBMC_d2_17,PBMC_LPS_d2,17,PBMC,LPS,d2,N702:ATAGAT,0
PBMC_d2_18,PBMC_LPS_d2,18,PBMC,LPS,d2,N702:GTTAAA,0
PBMC_d2_19,PBMC_LPS_d2,19,PBMC,LPS,d2,N702:TGTATT,0
PBMC_d2_20,PBMC_LPS_d2,20,PBMC,LPS,d2,N702:GAAGAC,0
PBMC_d3_21,PBMC_LPS_d3,21,PBMC,LPS,d3,N702:CCACGC,0
PBMC_d3_22,PBMC_LPS_d3,22,PBMC,LPS,d3,N702:CGGGTC,0
PBMC_d3_23,PBMC_LPS_d3,23,PBMC,LPS,d3,N702:GCGTGG,0
PBMC_d3_24,PBMC_LPS_d3,24,PBMC,LPS,d3,N702:TGGGCC,0
PBMC_d5_25,PBMC_LPS_d5,25,PBMC,LPS,d5,N702:ATAGTA,0
PBMC_d5_26,PBMC_LPS_d5,26,PBMC,LPS,d5,N702:GTTATT,0
PBMC_d5_27,PBMC_LPS_d5,27,PBMC,LPS,d5,N702:TGTTAT,0
PBMC_d5_28,PBMC_LPS_d5,28,PBMC,LPS,d5,N702:GATCGT,0
SI_d0_1,SI_Control_d0,1,SI,Control,d0,N701:TTTGGC,0
SI_d0_2,SI_Control_d0,2,SI,Control,d0,N701:CCGGTG,0
SI_d0_3,SI_Control_d0,3,SI,Control,d0,N701:GAGCCC,0
SI_d0_4,SI_Control_d0,4,SI,Control,d0,N701:GGGAGG,0
SI_d0.25_5,SI_LPS_d0.25,5,SI,LPS,d0.25,N701:AATCAA,0
SI_d0.25_6,SI_LPS_d0.25,6,SI,LPS,d0.25,N701:ATTTAC,0
SI_d0.25_7,SI_LPS_d0.25,7,SI,LPS,d0.25,N701:TAGATA,0
SI_d0.25_8,SI_LPS_d0.25,8,SI,LPS,d0.25,N701:TTTAAC,0
SI_d0.5_9,SI_LPS_d0.5,9,SI,LPS,d0.5,N701:GGACCA,0
SI_d0.5_10,SI_LPS_d0.5,10,SI,LPS,d0.5,N701:CCTGCG,0
SI_d0.5_11,SI_LPS_d0.5,11,SI,LPS,d0.5,N701:GCACCC,0
SI_d0.5_12,SI_LPS_d0.5,12,SI,LPS,d0.5,N701:GGGCTC,0
SI_d1_13,SI_LPS_d1,13,SI,LPS,d1,N701:AATTAG,0
SI_d1_14,SI_LPS_d1,14,SI,LPS,d1,N701:CAAAAT,0
SI_d1_15,SI_LPS_d1,15,SI,LPS,d1,N701:TATACT,0
SI_d1_16,SI_LPS_d1,16,SI,LPS,d1,N701:TTTCAA,0
SI_d2_17,SI_LPS_d2,17,SI,LPS,d2,N701:ACCGCG,0
SI_d2_18,SI_LPS_d2,18,SI,LPS,d2,N701:CGAGCG,0
SI_d2_19,SI_LPS_d2,19,SI,LPS,d2,N701:GCCACC,0
SI_d2_20,SI_LPS_d2,20,SI,LPS,d2,N701:GGGGTG,0
SI_d3_21,SI_LPS_d3,21,SI,LPS,d3,N701:ACAAAT,0
SI_d3_22,SI_LPS_d3,22,SI,LPS,d3,N701:CATATT,0
SI_d3_23,SI_LPS_d3,23,SI,LPS,d3,N701:TATCTA,0
SI_d3_24,SI_LPS_d3,24,SI,LPS,d3,N701:TTTTCT,0
SI_d5_25,SI_LPS_d5,25,SI,LPS,d5,N701:ACGGCC,0
SI_d5_26,SI_LPS_d5,26,SI,LPS,d5,N701:CGCCAG,0
SI_d5_27,SI_LPS_d5,27,SI,LPS,d5,N701:GCCCGA,0
SI_d5_28,SI_LPS_d5,28,SI,LPS,d5,N701:GGTGCG,0
SK_d0_1,SK_Control_d0,1,SK,Control,d0,N701:AAACTA,0
SK_d0_2,SK_Control_d0,2,SK,Control,d0,N701:ATATTC,0
SK_d0_3,SK_Control_d0,3,SK,Control,d0,N701:TAAACA,0
SK_d0_4,SK_Control_d0,4,SK,Control,d0,N701:TTAAGA,0
SK_d0.25_5,SK_LPS_d0.25,5,SK,LPS,d0.25,N701:GGCAAT,0
SK_d0.25_6,SK_LPS_d0.25,6,SK,LPS,d0.25,N701:CCCCCA,0
SK_d0.25_7,SK_LPS_d0.25,7,SK,LPS,d0.25,N701:CGTGCC,0
SK_d0.25_8,SK_LPS_d0.25,8,SK,LPS,d0.25,N701:GGACGC,0
SK_d0.5_9,SK_LPS_d0.5,9,SK,LPS,d0.5,N701:AAATGT,0
SK_d0.5_10,SK_LPS_d0.5,10,SK,LPS,d0.5,N701:ATCTTA,0
SK_d0.5_11,SK_LPS_d0.5,11,SK,LPS,d0.5,N701:TAACTT,0
SK_d0.5_12,SK_LPS_d0.5,12,SK,LPS,d0.5,N701:TTAGAA,0
SK_d1_13,SK_LPS_d1,13,SK,LPS,d1,N701:GTGACT,0
SK_d1_14,SK_LPS_d1,14,SK,LPS,d1,N701:CCCGGA,0
SK_d1_15,SK_LPS_d1,15,SK,LPS,d1,N701:CTCGGG,0
SK_d1_16,SK_LPS_d1,16,SK,LPS,d1,N701:GGCAGC,0
SK_d2_17,SK_LPS_d2,17,SK,LPS,d2,N701:AACTAA,0
SK_d2_18,SK_LPS_d2,18,SK,LPS,d2,N701:ATTAAG,0
SK_d2_19,SK_LPS_d2,19,SK,LPS,d2,N701:TAATCT,0
SK_d2_20,SK_LPS_d2,20,SK,LPS,d2,N701:TTATGT,0
SK_d3_21,SK_LPS_d3,21,SK,LPS,d3,N701:TCGAAG,0
SK_d3_22,SK_LPS_d3,22,SK,LPS,d3,N701:CCGCGA,0
SK_d3_23,SK_LPS_d3,23,SK,LPS,d3,N701:GACCCG,0
SK_d3_24,SK_LPS_d3,24,SK,LPS,d3,N701:GGCGGA,0
SK_d5_25,SK_LPS_d5,25,SK,LPS,d5,N701:AATAAC,0
SK_d5_26,SK_LPS_d5,26,SK,LPS,d5,N701:ATTCAT,0
SK_d5_27,SK_LPS_d5,27,SK,LPS,d5,N701:TACATT,0
SK_d5_28,SK_LPS_d5,28,SK,LPS,d5,N701:TTCTAA,0
SP_d0_1,SP_Control_d0,1,SP,Control,d0,N701:TTCCTC,0
SP_d0_2,SP_Control_d0,2,SP,Control,d0,N701:CCGGCA,0
SP_d0_3,SP_Control_d0,3,SP,Control,d0,N701:GACGCC,0
SP_d0_4,SP_Control_d0,4,SP,Control,d0,N701:GGCTCC,0
SP_d0.25_5,SP_LPS_d0.25,5,SP,LPS,d0.25,N701:AATAGT,0
SP_d0.25_6,SP_LPS_d0.25,6,SP,LPS,d0.25,N701:ATTGAA,0
SP_d0.25_7,SP_LPS_d0.25,7,SP,LPS,d0.25,N701:TACTTA,0
SP_d0.25_8,SP_LPS_d0.25,8,SP,LPS,d0.25,N701:TTGATT,0
SP_d0.5_9,SP_LPS_d0.5,9,SP,LPS,d0.5,N701:CCTTCC,0
SP_d0.5_10,SP_LPS_d0.5,10,SP,LPS,d0.5,N701:CCGTGC,0
SP_d0.5_11,SP_LPS_d0.5,11,SP,LPS,d0.5,N701:GAGGCG,0
SP_d0.5_12,SP_LPS_d0.5,12,SP,LPS,d0.5,N701:GGGCCT,0
SP_d1_13,SP_LPS_d1,13,SP,LPS,d1,N701:AATGAT,0
SP_d1_14,SP_LPS_d1,14,SP,LPS,d1,N701:ATTTGT,0
SP_d1_15,SP_LPS_d1,15,SP,LPS,d1,N701:TAGTTT,0
SP_d1_16,SP_LPS_d1,16,SP,LPS,d1,N701:TTTAGT,0
SP_d2_17,SP_LPS_d2,17,SP,LPS,d2,N701:ACCCCC,0
SP_d2_18,SP_LPS_d2,18,SP,LPS,d2,N701:CGACCC,0
SP_d2_19,SP_LPS_d2,19,SP,LPS,d2,N701:GCAGCG,0
SP_d2_20,SP_LPS_d2,20,SP,LPS,d2,N701:GGGGCA,0
SP_d3_21,SP_LPS_d3,21,SP,LPS,d3,N701:AATTGA,0
SP_d3_22,SP_LPS_d3,22,SP,LPS,d3,N701:CAATAA,0
SP_d3_23,SP_LPS_d3,23,SP,LPS,d3,N701:TATATC,0
SP_d3_24,SP_LPS_d3,24,SP,LPS,d3,N701:TTTGTA,0
SP_d5_25,SP_LPS_d5,25,SP,LPS,d5,N701:ACGCCG,0
SP_d5_26,SP_LPS_d5,26,SP,LPS,d5,N701:CGCACC,0
SP_d5_27,SP_LPS_d5,27,SP,LPS,d5,N701:GCCCAG,0
SP_d5_28,SP_LPS_d5,28,SP,LPS,d5,N701:GGGTGC,0
TH_d0_1,TH_Control_d0,1,TH,Control,d0,N701:TCTGCA,0
TH_d0_2,TH_Control_d0,2,TH,Control,d0,N701:CCGGAC,0
TH_d0_3,TH_Control_d0,3,TH,Control,d0,N701:GACCGC,0
TH_d0_4,TH_Control_d0,4,TH,Control,d0,N701:GGCGTC,0
TH_d0.25_5,TH_LPS_d0.25,5,TH,LPS,d0.25,N701:AATACA,0
TH_d0.25_6,TH_LPS_d0.25,6,TH,LPS,d0.25,N701:ATTCTA,0
TH_d0.25_7,TH_LPS_d0.25,7,TH,LPS,d0.25,N701:TACTAT,0
TH_d0.25_8,TH_LPS_d0.25,8,TH,LPS,d0.25,N701:TTGAAA,0
TH_d0.5_9,TH_LPS_d0.5,9,TH,LPS,d0.5,N701:CCAACC,0
TH_d0.5_10,TH_LPS_d0.5,10,TH,LPS,d0.5,N701:CCGTCG,0
TH_d0.5_11,TH_LPS_d0.5,11,TH,LPS,d0.5,N701:GAGCGG,0
TH_d0.5_12,TH_LPS_d0.5,12,TH,LPS,d0.5,N701:GGGCAG,0
TH_d1_13,TH_LPS_d1,13,TH,LPS,d1,N701:AATCTT,0
TH_d1_14,TH_LPS_d1,14,TH,LPS,d1,N701:ATTTCA,0
TH_d1_15,TH_LPS_d1,15,TH,LPS,d1,N701:TAGTAA,0
TH_d1_16,TH_LPS_d1,16,TH,LPS,d1,N701:TTTACA,0
TH_d2_17,TH_LPS_d2,17,TH,LPS,d2,N701:GTACCG,0
TH_d2_18,TH_LPS_d2,18,TH,LPS,d2,N701:CCTGGC,0
TH_d2_19,TH_LPS_d2,19,TH,LPS,d2,N701:GCACGG,0
TH_d2_20,TH_LPS_d2,20,TH,LPS,d2,N701:GGGGAC,0
TH_d3_21,TH_LPS_d3,21,TH,LPS,d3,N701:AATTCT,0
TH_d3_22,TH_LPS_d3,22,TH,LPS,d3,N701:CAAATA,0
TH_d3_23,TH_LPS_d3,23,TH,LPS,d3,N701:TATAGA,0
TH_d3_24,TH_LPS_d3,24,TH,LPS,d3,N701:TTTCTT,0
TH_d5_25,TH_LPS_d5,25,TH,LPS,d5,N701:ACCGGC,0
TH_d5_26,TH_LPS_d5,26,TH,LPS,d5,N701:CGAGGC,0
TH_d5_27,TH_LPS_d5,27,TH,LPS,d5,N701:GCCAGG,0
TH_d5_28,TH_LPS_d5,28,TH,LPS,d5,N701:GGGTCG,0